period,stock_id,vendor,data_type,report_index,report_index_description,report_index_standard,report_index_value,report_index_analysis,report_index_note,report_score,report_signal,report_score_detail,report_score_summary,report_risk
Period,Stock ID,Vendor,Data Type,Report Index,Report Index Description,Report Index Standard,Report Index Value,Report Index Analysis,Report Index Note,Report Score,Report Signal,Report Score Detail,Report Score Summary,Report Risk
2026Q2,4995,晶達,2,,,,,,,84,綠燈,"多數獲利能力與資產結構指標（如營業毛利率、稅後淨利率、資產報酬率、負債總額 (%)、股東權益總額 (%)）均達到最高標準，顯示公司經營穩健。
短期償債能力指標（流動比、現金比）表現優異，顯示公司現金與流動資產充裕。
現金流量比顯著低於標準，顯示營運產生現金流能力不足，需特別注意短期現金流壓力。
部分效率與報酬指標（如總資產週轉率、速動比、固定資產週轉率、營業利益率、股東權益報酬率）落在中間區間，尚有提升空間。",本期評分為84分，主要因多數關鍵指標（如流動比、現金比、負債總額 (%)、資產報酬率等）均達最高標準，僅現金流量比落入▼，扣除部分分數，其他如總資產週轉率、速動比等指標為O，亦略有扣分，整體仍屬優良。,晶達公司2026Q2財務結構整體穩健，獲利能力強、負債壓力低且現金充裕，短期與長期償債能力均佳。最需注意的風險為現金流量比明顯低於標準，代表營運現金流入明顯不足，若持續惡化，恐影響短期資金調度與應付突發支出能力。建議公司加強應收帳款管理、提升營運現金流效率，並審慎控管營運成本與資本支出，以提升現金流量比，降低潛在流動性風險。
2026Q2,3515,華擎,2,,,,,,,55,黃燈,"現金流量比、速動比、現金比皆為▼，顯示短期現金流動性與償債能力存在重大風險。
存貨週轉率、存貨佔營收比率、每股稅後盈餘年成長率皆為▼，顯示存貨管理效率低及獲利成長衰退。
流動比、利息保障倍數、資產報酬率、固定資產週轉率等為☆，顯示資產運用效率與償債能力整體良好。
多數負債結構與獲利指標落在O區間，代表公司整體財務結構尚可，但未達優良標準。",本期評分為55分，主要因現金流量比、速動比、現金比等短期流動性指標為▼，存貨週轉率及存貨佔營收比率也為▼，每股盈餘成長率為▼，這些指標均造成評分扣分。雖然資產運用效率、流動比、利息保障倍數等為☆，但因現金流與存貨管理風險明顯，故整體評分僅為黃燈。,華擎公司2026Q2財務狀況顯示，現金流量比、速動比、現金比皆為▼，短期現金流動性與償債能力有明顯風險，營運現金流極度不足，需高度警惕。存貨週轉率低、存貨佔營收比率過高，代表存貨管理效率不佳，可能有庫存積壓及資金占用問題。每股盈餘成長率為負，獲利能力有下滑趨勢。建議公司加強現金流管理、提升存貨週轉效率，並審慎規劃資金運用，避免短期流動性危機，強化營運現金流與獲利能力。
2026Q2,4906,正文,2,,,,,,,61,黃燈,"公司流動比、現金比、負債總額 (%)、股東權益總額 (%)、流動負債 (%)、長期負債 (%)等指標皆達優良標準，顯示資本結構穩健，短期償債能力強。
現金流量比及利息保障倍數皆為▼，且數值為負，顯示現金流量極弱且營業利益無法支付利息，短期償債與營運現金流風險極高。
營業利益率、稅後淨利率、股東權益報酬率、資產報酬率皆為負值且▼，顯示獲利能力與資產運用效率極差，需高度重視獲利改善。
應收帳款週轉率、固定資產週轉率、業外損益佔營收比率等營運效率指標表現良好，資金回收速度快，資產運用效率高。",本期評分為61分，主要因流動比、現金比、負債總額 (%)、股東權益總額 (%)等結構指標表現優良加分，但現金流量比、利息保障倍數、營業利益率、稅後淨利率、股東權益報酬率、資產報酬率等獲利與現金流指標為▼且數值為負，嚴重扣分，整體呈現資本結構穩健但獲利能力與現金流極弱，評分落在黃燈區間。,正文公司2026Q2雖然資本結構穩健、短期償債能力強，現金比與流動比皆優於標準，但現金流量比為負且利息保障倍數為負，顯示營運現金流極弱、營業利益無法支付利息，短期現金流風險極高。獲利能力指標（營業利益率、稅後淨利率、股東權益報酬率、資產報酬率）皆為負值，顯示公司本期全面虧損，資產運用效率低。建議公司優先改善營運現金流與獲利能力，強化營業管理、降低成本、提升營收，並審慎控管財務費用，以降低現金流與獲利風險，確保未來營運穩健。
2026Q2,6243,迅杰,2,,,,,,,53,黃燈,"迅杰公司短期償債能力極佳，流動比、速動比、現金比均遠高於標準，資金流動性強。
獲利能力與成長性指標全面低於標準，稅後淨利率、營業利益率、股東權益報酬率、資產報酬率均為負，顯示公司核心營運嚴重虧損。
存貨週轉率、總資產週轉率、應付帳款比率等營運效率指標偏低，資產運用與庫存管理存在問題。
利息保障倍數為負，顯示公司獲利無法支付利息，財務壓力極大，為本期最大風險。",本期評分為53分，主要扣分來自獲利能力與成長性指標（稅後淨利率、營業利益率、股東權益報酬率、資產報酬率、每股盈餘年成長率）、營運效率（存貨週轉率、總資產週轉率、應付帳款比率）以及利息保障倍數。雖然流動性與資本結構指標表現優異，但獲利與營運效率極差，導致評分偏低。,迅杰公司2026Q2財務狀況呈現重大營運虧損，稅後淨利率、營業利益率、股東權益報酬率等指標均為負，顯示核心業務獲利能力嚴重不足。利息保障倍數為負值，代表公司獲利無法支付利息，財務壓力極大。雖然流動比、速動比、現金比等流動性指標優異，資本結構穩健，但營運效率低下（存貨週轉率、總資產週轉率偏低），存貨積壓與資產運用不佳問題明顯。建議公司優先改善營業獲利能力，調整成本結構，加強營運效率，並積極處理存貨與資產運用，避免持續虧損導致資金流失與財務惡化。
2026Q2,5347,世界先進 ,2,,,,,,,80,綠燈,"流動比、現金流量比、現金比均達標，顯示公司短期償債能力與資金流動性極佳。
利息保障倍數遠高於標準，負債總額 (%)、速動比均落於標準區間，財務結構穩健但需持續監控負債比。
獲利能力指標（營業毛利率、稅後淨利率、營業利益率、每股稅後盈餘年成長率）均表現優異，顯示公司營運成長動能強。
資產運用效率指標（總資產週轉率、固定資產週轉率）低於標準，顯示資產活化及運用效率需提升，為主要扣分來源。",本期評分為80分，主要因資金流動性、償債能力及獲利能力表現優異，符合多項標準，但資產運用效率指標（總資產週轉率、固定資產週轉率）皆低於標準，各扣分，導致評分未達滿分。,世界先進公司2026Q2財務結構整體穩健，流動性與償債能力極佳，獲利能力強，現金充足，短期無重大財務風險。最主要風險在於資產運用效率偏低（總資產週轉率、固定資產週轉率皆低於標準），顯示資產活化與產能利用仍有改善空間。建議公司加強資產管理，提升資產週轉效率，並持續監控負債比與業外損益波動，以確保財務結構長期穩健。
2026Q2,5457,宣德,2,,,,,,,38,紅燈,"公司多項關鍵指標（如現金流量比、負債總額 (%)、速動比）出現▼，顯示短期及長期償債能力均有明顯壓力。
獲利能力指標（稅後淨利率、營業利益率、股東權益報酬率、資產報酬率）多為負值或低於標準，反映經營績效不佳。
資本結構偏弱，負債總額 (%) 過高且股東權益總額 (%) 偏低，抗風險能力不足。
雖部分營運效率指標（如存貨週轉率、固定資產週轉率）表現良好，但無法彌補整體財務結構及獲利能力的弱勢。",本次評分38分，主因多項關鍵指標（流動比、現金流量比、利息保障倍數、負債總額 (%)、速動比、現金比）出現▼或僅達O，加上獲利與資本結構指標多數偏弱，導致扣分較多，整體財務風險偏高。,宣德公司2026Q2財務結構顯示高財務風險。最主要風險包括：現金流量比及速動比明顯低於標準，短期償債能力不足，易受突發資金需求衝擊；負債總額 (%) 過高，資本結構失衡，若經營績效未改善，未來再融資或借貸成本將大幅增加。此外，獲利能力連續為負，資產與股東權益報酬率皆偏低，長期將不利於公司永續經營。建議公司應積極改善現金流與獲利結構，降低負債比重，加強應收帳款管理，並審慎規劃資本運用，以提升整體財務穩健度。
2026Q2,5258,虹堡,2,,,,,,,73,綠燈,"虹堡公司在營業毛利率、稅後淨利率、資產報酬率、固定資產週轉率等獲利與效率指標均表現優異，顯示基本營運穩健。
流動比、現金比、利息保障倍數等短期償債與現金充足指標皆高於標準，短期償債能力整體良好。
現金流量比與速動比為關鍵▼指標，顯示營運現金流量不足及速動資產低於標準，短期資金流動風險需特別注意。
負債總額 (%)、股東權益總額 (%)、流動負債 (%)等資本結構指標落於一般標準區間，財務槓桿適中，需留意負債變動。",本期評分73分，主要因大多數獲利、效率及償債指標皆符合或優於標準，惟現金流量比與速動比為關鍵▼項目，各扣分，導致評分未達最高。其餘一般標準指標如存貨週轉率、股東權益報酬率、負債總額 (%)等亦有扣分，但整體風險尚屬可控。,虹堡公司2026Q2財務整體表現穩健，獲利能力及資產運用效率佳，短期償債能力亦充足。然而，現金流量比與速動比均低於標準，顯示營運現金流量不足及速動資產偏低，短期資金流動風險需高度重視。建議公司加強營運現金流管理，提升速動資產比例，並持續監控存貨及應收帳款週轉效率，以降低資金流動風險，確保財務穩健發展。
2026Q2,3014,聯陽,2,,,,,,,89,綠燈,"公司流動比、速動比、現金比皆遠高於標準，顯示短期償債能力極佳。
營業毛利率、稅後淨利率、營業利益率、股東權益報酬率等獲利指標均為最佳標記，獲利能力強。
負債總額 (%)、股東權益總額 (%) 均落在最佳標準，資本結構穩健，整體財務風險低。
現金流量比為唯一▼標記，顯示營業現金流量偏低，需注意營運現金流的穩定性。",本期評分為89分，主要因大部分指標皆獲得最佳標記，僅現金流量比為▼標記而扣分，反映公司整體財務健康，但需留意現金流量風險。,聯陽公司2026Q2整體財務狀況優異，資本結構穩健，獲利能力強，短期償債能力極佳。唯一需關注的是現金流量比偏低，代表營業活動產生的現金流量不足以支撐流動負債，若營運環境惡化或資金需求增加，可能面臨短期現金壓力。建議公司強化營運現金流管理，提升現金流量比，確保營運資金穩定，以降低潛在流動性風險。
2026Q2,6732,昇佳,2,,,,,,,93,綠燈,"流動比、速動比、現金比、現金流量比均遠高於標準，顯示短期償債能力極佳。
負債總額 (%)、股東權益總額 (%)、流動負債 (%)等資本結構指標皆符合標準，財務槓桿低，資本穩健。
營業毛利率、稅後淨利率、每股稅後盈餘年成長率、資產報酬率、固定資產週轉率等獲利及效率指標表現優異。
唯一風險來自業外損益佔營收比率偏高（7.55%），需留意非經常性損益對未來獲利穩定性的影響。",本期評分為93分，主要因大部分關鍵指標均達到最高標準（☆），僅業外損益佔營收比率為▼，扣分幅度有限。營業利益率、股東權益報酬率、總資產週轉率為O，略有扣分，但整體財務結構與獲利能力極佳，故評分屬高分。,昇佳公司2026Q2整體財務狀況穩健，短期與長期償債能力皆優，獲利能力與資產運用效率良好，資本結構健康，無重大財務風險。唯一需注意的是業外損益佔營收比率偏高，可能來自非經常性收益或損失，建議公司持續強化本業獲利，降低業外損益波動對未來獲利穩定性的影響，並加強風險控管，確保財務結構持續穩健。
2026Q2,4916,事欣科,2,,,,,,,89,綠燈,"公司整體財務結構穩健，流動比、速動比、現金比、負債總額 (%) 及流動負債 (%) 均屬優異水準，短期及長期償債能力強。
獲利能力指標表現亮眼，營業毛利率、稅後淨利率、營業利益率、資產報酬率等皆達優良標準，且每股盈餘年成長率極高。
資產運用效率高，固定資產週轉率、總資產週轉率、應收帳款週轉率等指標均表現優異，資金回收良好。
唯一明顯缺失為現金流量比為負值，顯示營運現金流量不足，需特別留意現金流管理。",本期評分89分，主要因大部分指標均達優異或良好水準，僅現金流量比為重大扣分項目（▼），其餘如存貨週轉率、應付帳款 (%)、股東權益報酬率等為中等表現（O），整體風險低，僅需注意現金流量管理。,事欣科公司2026Q2財務結構穩健，獲利能力與資產運用效率均屬優異，短期及長期償債能力強，整體風險極低。然而，現金流量比為-107.3，顯示營運現金流入嚴重不足，若持續惡化可能影響公司資金調度與營運穩定。建議公司加強應收帳款催收、優化存貨管理，並審慎規劃資金運用，以提升現金流量狀況，確保長期穩健發展。
2026Q2,4915,致伸,2,,,,,,,55,黃燈,"致伸公司在流動比、現金流量比、利息保障倍數、負債總額 (%)、速動比、現金比等關鍵指標中，流動性與負債結構呈現明顯壓力。
現金流量比、負債總額 (%)、速動比等3項指標為▼，顯示現金流與短期償債能力較弱，財務風險需關注。
存貨週轉率、應收帳款週轉率、固定資產週轉率等營運效率指標表現優異，營運能力佳。
每股稅後盈餘年成長率、流動負債 (%)、股東權益總額 (%)等指標表現不佳，反映獲利成長性不足且資本結構較弱。",本期評分為55分，主要因現金流量比、負債總額 (%)、速動比等指標出現▼，各扣分，且每股稅後盈餘年成長率、流動負債 (%)、股東權益總額 (%)等亦不理想，影響評分表現。其餘如營運效率與現金比等項目表現良好，部分抵銷負面影響，整體屬於黃燈區間。,致伸公司2026Q2財務結構顯示，現金流量比為負且速動比偏低，短期現金壓力較大，若遇突發資金需求恐有流動性風險；負債總額高達62.65%，資本結構偏向高槓桿，抗風險能力較弱。建議公司加強現金流管理，降低短期負債比重，並提升自有資本比率，以改善整體財務體質與抗風險能力。
2026Q2,2059,川湖,2,,,,,,,93,綠燈,"川湖公司多數關鍵指標（如流動比、現金流量比、利息保障倍數、負債總額 (%)、速動比、現金比）均遠高於標準，顯示財務結構極為穩健。
獲利能力指標（營業毛利率、稅後淨利率、股東權益報酬率、資產報酬率、營業利益率）皆顯著超越標準，反映公司營運效率與獲利能力極強。
唯一出現▼標記的存貨佔營收比率偏低，需注意存貨過低可能造成供貨風險，但未對整體財務安全構成重大威脅。
業外損益佔營收比率略高於標準，需持續監控業外損益波動，但整體風險極低。",本期評分93分，主要因所有關鍵指標皆獲得最高分，僅存貨佔營收比率出現▼標記扣分，存貨週轉率與業外損益佔營收比率為O標記略微扣分，其餘指標均為☆，綜合評分極高。,川湖公司2026Q2財務狀況極為穩健，所有關鍵償債與獲利指標均遠高於標準，短期與長期償債能力皆無風險，資本結構穩健，現金流量充足。唯一需注意的是存貨佔營收比率偏低，可能導致供貨不及或產能受限，建議適度提升存貨水準以因應市場需求波動。此外，業外損益佔營收比率略高於標準，建議持續監控業外損益來源，避免非營業項目對獲利造成波動。整體而言，川湖公司財務風險極低，僅需針對存貨管理與業外損益進行適度調整與監控。
2026Q2,8499,薩摩,2,,,,,,,83,綠燈,"公司流動比、速動比、現金比、現金流量比、負債總額 (%) 皆遠高於標準，顯示短期及整體償債能力極佳，資本結構穩健。
營業毛利率、稅後淨利率、營業利益率、存貨週轉率皆達到最高標準，獲利能力強，營運效率佳。
總資產週轉率、股東權益報酬率、應付帳款 (%) 均低於標準，顯示資產運用效率、股東回報及資金運用尚需改善。
應收帳款週轉率、應收帳款佔營收比率、業外損益佔營收比率、固定資產週轉率等落於普通標準，資金回收及資產運用效率尚可，需持續監控。",本期評分為83分，主要因大部分關鍵指標（如流動比、現金流量比、利息保障倍數、負債總額 (%)、速動比、現金比）均達到最高標準，扣分項目為總資產週轉率、股東權益報酬率、應付帳款 (%)，各扣除一定分數，整體仍屬優良。,薩摩公司2026Q2整體財務狀況穩健，短期及長期償債能力極佳，獲利能力強，現金充足，負債比率低，資本結構穩定。主要風險在於資產運用效率（總資產週轉率、固定資產週轉率）、股東權益報酬率偏低，以及應付帳款比率過低，顯示資金運用效率有改善空間。建議公司加強資產管理，提升營收與資產週轉效率，並優化資金運用策略，以提高股東回報與整體資產效益。
2026Q2,5371,中光電,2,,,,,,,48,紅燈,"現金流量比、速動比、利息保障倍數皆為▼，顯示公司短期償債能力與現金流量極度不足，財務壓力大。
稅後淨利率、每股稅後盈餘年成長率、營業利益率、股東權益報酬率、資產報酬率皆為▼，獲利能力全面低落甚至虧損，營運品質不佳。
流動比、應收帳款週轉率、總資產週轉率、流動負債 (%)、應收帳款佔營收比率等多項指標為O，整體財務結構普通，但未達優良。
存貨週轉率、存貨佔營收比率、應付帳款 (%)、長期負債 (%)、負債總額 (%)、股東權益總額 (%)、業外損益佔營收比率、現金比、固定資產週轉率皆為☆，部分營運與資本結構仍具穩健特性。",評分為48分，主要因多項獲利能力指標（如稅後淨利率、每股稅後盈餘年成長率、營業利益率、股東權益報酬率、資產報酬率）皆為▼，以及流動性與現金流量指標（現金流量比、速動比、利息保障倍數）皆為▼，造成評分大幅扣分。雖部分營運效率與資本結構指標為☆，但不足以抵銷獲利與現金流的嚴重缺失。,中光電2026Q2財務狀況顯示，最主要風險在於獲利能力全面低落且現金流量極度不足，短期償債能力不佳，營運已出現虧損。利息保障倍數過低，顯示公司償付利息能力極弱，若無改善，將面臨資金斷鏈與財務危機。建議公司積極改善營運效率、加強成本控管、提升獲利能力，並強化現金流管理，避免短期流動性風險惡化。
2026Q2,2356,英業達,2,,,,,,,35,紅燈,"流動比、現金流量比、速動比、現金比等短期償債能力指標皆顯著低於標準，顯示公司短期資金壓力極大。
負債總額 (%)、流動負債 (%)、股東權益總額 (%)等資本結構指標均屬於高風險區，財務槓桿過高，資本結構極不健康。
營業毛利率、稅後淨利率、營業利益率皆低於標準，獲利能力偏弱，營運效率需大幅改善。
部分資產運用效率、獲利成長、固定資產週轉率等指標表現良好，但無法抵消關鍵財務風險。",評分為35分，主要因多項關鍵指標（流動比、現金流量比、負債總額 (%)、速動比、現金比）皆為▼，扣分幅度大，且資本結構與短期償債能力嚴重不符標準，導致整體評分偏低。,英業達2026Q2財報顯示，短期償債能力極度不足（流動比、速動比、現金流量比、現金比皆低於標準），且負債比重過高（負債總額 83.6%，流動負債 78.31%），資本結構極不健康，股東權益偏低。雖然資產運用效率與獲利成長表現良好，但無法彌補財務結構的重大缺失。最重要的風險為短期資金流動性與高負債壓力，建議公司加強資金調度、降低負債比率、提升現金流量及改善營業獲利能力，以減緩財務危機。
2026Q2,4999,鑫禾,2,,,,,,,60,黃燈,"流動比、速動比、現金比、流動負債 (%)、負債總額 (%)、股東權益總額 (%)等指標皆顯示公司短期償債能力與資本結構極為穩健，無明顯負債壓力。
現金流量比與利息保障倍數皆為▼，顯示營業活動產生現金流及償付利息能力不足，存在流動性與財務壓力風險。
營業利益率、稅後淨利率、資產報酬率、股東權益報酬率皆為負值，顯示公司核心營運及資產獲利能力極弱，需積極改善營運績效。
存貨週轉率、應收帳款週轉率、固定資產週轉率等營運效率指標均屬一般標準，營運效率尚可但仍有提升空間。",本期評分為60分，主要因公司短期償債能力與資本結構極佳（多項指標獲☆），但營業利益率、稅後淨利率、資產報酬率、股東權益報酬率、現金流量比、利息保障倍數等關鍵獲利與現金流指標皆為▼，造成評分大幅扣分，整體呈現營運虧損、現金流不足與財務壓力並存，故評分僅達黃燈。,鑫禾公司2026Q2財務結構穩健，短期與長期償債能力皆優，負債比例極低，資本結構良好。然而，營業利益率、稅後淨利率、資產報酬率、股東權益報酬率皆為負值，顯示公司核心營運持續虧損，獲利能力極弱。此外，現金流量比與利息保障倍數為▼，反映營業活動現金流不足及無法有效支付利息，存在流動性與財務壓力風險。建議公司應積極改善營運績效、提升獲利能力，並加強現金流管理，避免持續虧損及現金流惡化，確保財務健康與永續經營。
2026Q2,3317,尼克森,2,,,,,,,94,綠燈,"流動比、速動比、現金比、現金流量比等短期償債指標皆遠優於標準，顯示公司短期償債能力極強，流動性風險極低。
負債總額 (%)、流動負債 (%)、股東權益總額 (%) 等資本結構指標表現優異，財務槓桿極低，資本結構穩健。
營業毛利率、稅後淨利率、營業利益率、資產報酬率、固定資產週轉率等獲利及資產效率指標均屬高檔，營運體質良好。
應收帳款週轉率、應收帳款佔營收比率、存貨週轉率、股東權益報酬率等部分指標落在一般標準，仍有提升空間，但無重大缺失。",本期評分94分，主要因大部分指標皆達到或優於最佳標準（☆），僅存貨週轉率、應收帳款週轉率、總資產週轉率、股東權益報酬率、應收帳款佔營收比率、應付帳款 (%)等少數指標落在一般標準（O），因此扣除少量分數，未見重大風險指標（▼），整體財務體質極為穩健。,尼克森公司2026Q2整體財務結構極為穩健，短期償債能力、現金流量與資本結構均遠優於產業標準，無明顯流動性或財務槓桿風險。主要需留意的為應收帳款週轉率、存貨週轉率等營運效率指標，建議加強客戶信用管理與存貨控管，以進一步提升資金運用效率。整體而言，財務風險極低，建議持續保持現有優勢並優化營運效率。
2026Q2,3702,大聯大,2,,,,,,,41,紅燈,"流動性風險高：流動比(119.8)、速動比(70.65)、現金比(6.03)、現金流量比(-49.61)均未達理想標準，顯示短期償債能力嚴重不足。
財務結構不佳：負債總額(83.99%)、流動負債(77.23%)顯著高於標準，股東權益總額(16.01%)遠低於標準，資本結構失衡。
獲利能力偏弱：營業毛利率(4.43%)、稅後淨利率(1.89%)、營業利益率(2.62%)皆低於標準，獲利能力明顯不足。
部分效率指標優異：存貨週轉率(9.04)、總資產週轉率(3.33)、固定資產週轉率(155)等顯示營運效率佳，但無法彌補流動性及財務結構問題。",本次評分為41分，主要因流動比、現金流量比、速動比、現金比、負債總額、流動負債、股東權益總額等多項關鍵指標皆低於標準，嚴重拖累整體評分；雖有部分效率指標表現良好，但不足以抵消流動性與財務結構的重大缺失。,大聯大2026Q2財務風險極高，主要表現在流動性與財務結構。現金流量比、現金比、速動比皆遠低於標準，顯示公司短期現金流極度吃緊，償債風險大增。同時，負債總額及流動負債比例過高，股東權益比重過低，資本結構極度失衡，若遇資金調度困難或外部環境變動，恐有財務危機。建議公司應積極改善現金流與提升自有資本比重，降低負債比例，並加強獲利能力，以強化整體財務體質。
2026Q2,2365,昆盈,2,,,,,,,73,綠燈,"昆盈公司流動比、速動比、現金比、流動負債 (%)、負債總額 (%)、股東權益總額 (%)等指標均遠優於標準，顯示資本結構極為穩健，短期及長期償債能力極佳。
營業毛利率、稅後淨利率、每股稅後盈餘年成長率、存貨週轉率、應收帳款週轉率等獲利及營運效率指標表現突出，代表公司營運效率與獲利能力良好。
現金流量比、業外損益佔營收比率、股東權益報酬率、總資產週轉率、應付帳款 (%)等指標低於標準，顯示現金流償債能力、資產運用效率、股東獲利能力及業外損益比例等方面存在改善空間。
關鍵▼指標僅現金流量比一項，整體風險極低，評分達73分，屬於綠燈區間，綜合財務風險極低。",本期評分73分，主要扣分項目為現金流量比、總資產週轉率、股東權益報酬率、業外損益佔營收比率、應付帳款 (%)等指標低於標準，各扣分，其他指標均表現優異，故整體評分仍屬高分。,昆盈公司2026Q2整體財務結構極為穩健，資本結構良好，短期及長期償債能力極佳，獲利能力及營運效率亦優於同業。不過，現金流量比明顯低於標準，顯示營運現金流償債能力偏弱，需加強營運現金流管理。此外，業外損益佔營收比率過高，建議審慎檢視業外收益來源及可持續性，以避免未來獲利波動。資產運用效率及股東權益報酬率亦需提升，建議加強資產配置及提升獲利能力。整體風險極低，但仍需持續關注現金流與業外損益結構。
2026Q2,6230,尼得,2,,,,,,,60,黃燈,"現金流量比及利息保障倍數皆為▼，顯示公司現金流量極度緊張，且無法以營業利益支付利息，財務風險高。
獲利能力指標（稅後淨利率、每股稅後盈餘年成長率、股東權益報酬率、營業利益率、資產報酬率）多數為▼，公司處於虧損狀態，獲利能力嚴重不足。
短期償債能力指標（流動比、速動比、現金比）皆為☆，顯示公司短期資金調度能力強，資金結構穩健。
負債結構良好（負債總額、流動負債、長期負債、股東權益總額皆為☆），財務槓桿風險低。",本次評分為60分，主要因現金流量比及利息保障倍數均為▼（各扣較多分），獲利能力指標多為▼（再扣分），但短期償債能力與資本結構指標表現優異（加分），故整體評分落在中等偏低，屬黃燈。,尼得公司雖然短期償債能力與現金水位充足，且負債結構穩健，但獲利能力極弱且現金流量為負，營業利益無法支應利息，顯示經營面臨嚴重困境。最重要的風險在於現金流量比與利息保障倍數為負，若無法改善營運現金流與獲利，將影響持續經營能力。建議公司積極提升營運效率、嚴控成本、改善產品結構，並審慎管理資本支出及債務，以強化現金流量與獲利能力，降低財務風險。
2026Q2,6210,慶生,2,,,,,,,60,黃燈,"慶生公司在流動比、速動比、現金比、流動負債(%)、長期負債(%)、負債總額(%)、股東權益總額(%)等指標表現優異，短期與長期償債能力強，資本結構穩健。
營業毛利率、稅後淨利率、現金流量比、利息保障倍數、股東權益報酬率、營業利益率、資產報酬率等獲利與現金流指標皆為負值或明顯低於標準，反映公司本期經營績效不佳，獲利能力與現金流狀況堪憂。
存貨週轉率、存貨佔營收比率、應付帳款(%)、業外損益佔營收比率等營運效率指標表現良好，資產運用效率尚可，但應收帳款週轉率與佔營收比率仍有改善空間。
每股稅後盈餘年成長率高達81.08%，顯示盈餘成長動能強，但需注意本期仍為虧損。",本期評分為60分，主要因多項獲利與現金流指標（如營業毛利率、稅後淨利率、現金流量比、利息保障倍數、股東權益報酬率、營業利益率、資產報酬率）表現不佳，導致扣分較多，雖然償債能力與資本結構良好，但營運績效需大幅改善。,慶生公司2026Q2整體財務結構穩健，短期與長期償債能力均強，現金水位充足，資本結構健康。然而，最嚴重的風險在於獲利能力與現金流量極度不佳，包括營業毛利率、稅後淨利率、營業利益率、資產報酬率、現金流量比與利息保障倍數均為負值，顯示公司本期營運虧損且現金流入不足，無法支應利息費用，若未能及時改善營運效率與獲利能力，將嚴重影響公司永續經營。建議加強成本控制、提升產品附加價值、強化銷售與收款效率，並審慎管控現金流出，避免財務風險進一步惡化。
2026Q2,3031,佰鴻,2,,,,,,,79,綠燈,"公司整體短期與長期償債能力極強（流動比、速動比、現金比、負債總額 (%)、流動負債 (%)、股東權益總額 (%)均為優良等級）。
本業獲利能力突出（營業毛利率、營業利益率、稅後淨利率、資產報酬率、固定資產週轉率均達優等）。
現金流量比為負值，顯示營運現金流存在重大風險，需特別關注現金流管理。
每股盈餘年成長率為負且業外損益佔營收比率過高，顯示獲利結構不穩及成長動能不足。",本期評分為79分，屬於綠燈，主要因大多數關鍵指標表現優異（如流動比、速動比、現金比、負債總額 (%)、利息保障倍數等），但現金流量比為負、每股盈餘年成長率明顯衰退及業外損益波動過大，導致部分分數扣減，整體仍屬穩健。,佰鴻公司2026Q2整體財務結構穩健，短期與長期償債能力極強，獲利能力亦屬優異。然而，最主要的財務風險在於營運現金流量比為負（-30.74），顯示公司雖有帳面獲利但實際營運現金流入不足，若持續惡化恐影響未來營運與資金調度。此外，業外損益佔營收比率過高（13.59），獲利結構過度依賴非本業，建議公司加強本業現金流管理，降低業外損益波動，並積極改善應收帳款收現效率，以提升現金流穩定性。
2026Q2,3213,茂訊,2,,,,,,,83,綠燈,"茂訊公司多數指標如營業毛利率、稅後淨利率、流動比、速動比、現金比、股東權益報酬率等均遠高於一般標準，顯示獲利能力及資金安全性極佳。
關鍵指標中僅現金流量比為▼，顯示營業現金流量不足，需留意短期現金流風險。
存貨週轉率及存貨佔營收比率均為▼，庫存管理效率較低，庫存積壓風險需改善。
資本結構穩健，負債總額及流動負債占比均低於標準，財務壓力小，整體風險低。",本期評分為83分，主要因多數指標均為☆，如流動比、速動比、現金比、利息保障倍數、股東權益報酬率等，顯示公司財務體質優良。扣分主要來自存貨週轉率、存貨佔營收比率及現金流量比三項為▼，現金流量比屬關鍵指標，造成部分扣分，但整體評分仍屬高分。,茂訊公司2026Q2財務狀況整體穩健，獲利能力及資金安全性均優於標準，財務結構良好。最大風險在於現金流量比為-58.23，顯示營業現金流量不足，若營運資金需求增加或遇到突發狀況，短期現金流壓力可能加劇。此外，存貨週轉率及存貨佔營收比率偏低與偏高，庫存積壓風險需注意。建議公司加強現金流管理，提升庫存週轉效率，降低庫存占用，以確保營運資金安全並提升財務穩健度。
2026Q2,6835,圓裕,2,,,,,,,57,黃燈,"流動比、速動比、現金比皆顯示短期償債能力極佳，流動性充足。
現金流量比、利息保障倍數為▼，顯示營運現金流與償債能力存在重大風險。
負債總額偏高（O），需留意財務槓桿風險。
多項獲利能力指標（稅後淨利率、營業利益率、股東權益報酬率、資產報酬率）均為負值，獲利結構需改善。",本期評分57分，主要因現金流量比、利息保障倍數兩項關鍵指標為▼，且多項獲利能力指標表現不佳，導致扣分較多。雖然短期償債能力充足，但獲利與現金流風險明顯，故僅獲黃燈評級。,圓裕公司2026Q2雖具備良好的短期償債能力（流動比、速動比、現金比皆為☆），但現金流量比與利息保障倍數為負值，顯示營運現金流嚴重不足、無法支應利息費用，為最主要財務風險來源。同時，獲利能力指標普遍為負，營運尚未脫離虧損，資產報酬率亦為負值，顯示資產運用效益不彰。建議公司應積極改善營運現金流、提升本業獲利能力，並審慎控管負債結構，以降低財務風險並恢復成長動能。
2026Q2,3058,LEADER,2,,,,,,,23,紅燈,"多項核心獲利指標（稅後淨利率、每股稅後盈餘年成長率、營業利益率、股東權益報酬率、資產報酬率）均低於標準，顯示獲利能力極弱。
流動性與償債能力指標（現金流量比、速動比、現金比、流動比）多數落於▼區，短期償債能力不足，現金流動性風險高。
財務結構指標（負債總額 (%)、股東權益總額 (%)）顯示槓桿過高，資本結構不穩定，抗風險能力弱。
利息保障倍數與業外損益佔營收比率均落於▼區，償付利息能力不足且獲利來源不穩定，增加財務風險。",評分為23分，主要因多項關鍵指標（現金流量比、利息保障倍數、負債總額 (%)、速動比、現金比）落於▼區，且獲利能力、資本結構、流動性指標均有明顯扣分，反映公司財務風險極高。,LEADER公司2026Q2財務狀況顯示多項關鍵指標落於▼區，尤其現金流量比、速動比、現金比、負債總額 (%)、利息保障倍數等，代表短期償債能力極弱、現金流動性風險高，且償付利息能力不足。獲利能力指標亦普遍偏低，資本結構不穩定，整體財務風險極高。建議公司加強現金流管理、改善獲利能力、降低負債比率，並提升資本結構穩定性，以減少財務危機發生的可能。
2026Q2,3694,海華,2,,,,,,,77,綠燈,"海華公司短期償債能力極佳，流動比、速動比、現金比均達到優良或一般標準，現金流量比接近優良標準，整體資金安全性高。
資產週轉率、固定資產週轉率、存貨週轉率、應收帳款週轉率等資產運用效率指標均表現優異，顯示營運資金管理良好。
獲利能力雖多數指標落於一般標準（營業毛利率、稅後淨利率、股東權益報酬率、營業利益率），但資產報酬率達優良標準，整體獲利能力尚可。
應付帳款 (%) 與每股稅後盈餘年成長率出現風險標記(▼)，顯示付款壓力偏高及獲利成長動能不足，需加強改善。",本期評分77分，主要依據流動比、現金比、資產週轉率、應收帳款週轉率、固定資產週轉率等優良指標加分，但因應付帳款 (%) 及每股稅後盈餘年成長率出現▼，以及多數獲利指標僅達一般標準，故未達最高分。,海華公司2026Q2整體財務狀況穩健，短期償債能力、資產運用效率及現金流量均屬於優良或一般標準，評分為綠燈。主要風險在於應付帳款 (%) 明顯偏高，可能帶來付款壓力，及每股稅後盈餘年成長率大幅衰退，顯示獲利成長動能不足。建議公司加強獲利能力提升，並積極管理應付帳款，避免短期資金壓力惡化，並持續優化營運效率以維持財務健康。
2026Q2,8210,勤誠,2,,,,,,,93,綠燈,"公司在獲利能力（如營業毛利率、稅後淨利率、股東權益報酬率、資產報酬率、營業利益率等）皆遠高於標準，展現極強獲利與成長動能。
關鍵短期償債能力指標（流動比、現金流量比、速動比、現金比）均為最高等級，顯示公司短期財務安全性極高。
負債結構方面，負債總額及流動負債比率屬於一般水準（O），資本結構尚可但仍有提升空間，需持續關注負債比率變化。
應付帳款、應收帳款佔營收比率等部分指標為一般水準（O），顯示部分營運資金管理仍有優化空間，但未見重大風險。",本次評分為93分，主要因大部分指標皆獲最高等級（☆），僅在應付帳款(%)、流動負債(%)、負債總額(%)、股東權益總額(%)、應收帳款佔營收比率等5項一般水準（O）指標略有扣分，未見任何重大（▼）風險，整體財務結構穩健。,勤誠公司2026Q2整體財務結構穩健，短期及長期償債能力極強，獲利能力與資產運用效率優異，現金流充足。主要需持續關注負債總額及流動負債比率，避免負債比過高影響未來財務彈性；同時建議加強應收帳款管理，避免收現風險進一步上升。整體風險極低，維持良好財務管理可確保未來穩健成長。
2026Q2,5439,高技,2,,,,,,,76,綠燈,"公司在獲利能力（營業毛利率、稅後淨利率、股東權益報酬率、資產報酬率、營業利益率、每股稅後盈餘年成長率）表現優異，顯示經營績效佳。
流動性與償債能力（流動比、速動比、現金比、利息保障倍數）均符合高標準，短期償債無虞。
資本結構部分，負債總額 (%) 與股東權益總額 (%) 均顯示結構偏重負債，需注意長期資本穩健性。
現金流量比偏低，顯示營運現金流不足，可能影響未來資金調度與償債能力。",本期評分76分，主要因多數獲利、償債、營運效率指標表現優異，但負債總額 (%)、股東權益總額 (%)、現金流量比等關鍵指標出現▼，因此扣除部分分數，整體仍屬綠燈，代表財務狀況良好但需留意資本結構與現金流風險。,高技公司2026Q2整體財務體質健全，獲利能力及資產運用效率極佳，短期償債能力充足。然而，負債總額 (%) 偏高及股東權益總額 (%) 偏低，顯示資本結構較為激進，未來若遇產業波動或資金需求，可能面臨資本穩健性挑戰。此外，現金流量比過低，營運現金流不足，需加強現金流管理。建議公司提升股東權益比率、降低負債比率，並強化營運現金流，確保長期財務穩健。
2026Q2,3019,亞光,2,,,,,,,90,綠燈,"亞光公司多數關鍵指標（如流動比、速動比、現金比、負債總額 (%)、利息保障倍數）皆達優良標準，顯示短期與長期償債能力極佳。
獲利能力整體表現良好，稅後淨利率、資產報酬率、營業利益率、固定資產週轉率等均屬優良或接近優良標準。
現金流量比與股東權益報酬率僅達一般標準，顯示現金流量及股東報酬尚有提升空間。
唯一明顯劣化指標為每股稅後盈餘年成長率（▼），顯示獲利成長動能衰退，需特別留意未來成長性。",本期評分90分，主要因多數財務指標皆符合優良標準，僅現金流量比、股東權益報酬率、營業毛利率、應付帳款 (%)為一般標準，各扣1分，且每股稅後盈餘年成長率為劣化標準（▼），再扣5分，整體財務結構穩健，獲利能力良好，評分高。,亞光公司2026Q2財務結構整體穩健，流動性與償債能力極佳，負債比率低，現金充足，獲利能力良好。唯一主要風險為每股稅後盈餘年成長率大幅衰退（-32.52），顯示公司獲利成長動能不足，未來需加強營運策略、產品創新或市場拓展，以提升獲利成長性。此外，現金流量比與股東權益報酬率僅達一般標準，建議持續優化現金流管理與股東報酬能力。整體來看，財務風險低，但需積極改善獲利成長動能。
2026Q2,6203,Seasonic,2,,,,,,,87,綠燈,"Seasonic公司短期償債能力極佳，流動比、速動比、現金比、現金流量比皆遠高於標準。
營業毛利率、稅後淨利率、每股稅後盈餘年成長率、固定資產週轉率等獲利與效率指標表現優異，顯示營運穩健。
負債總額、流動負債、長期負債皆低於標準，資本結構健康，財務槓桿風險極低。
股東權益報酬率與業外損益佔營收比率兩項指標低於標準，需關注股東獲利能力與業外損益波動。",本期評分為87分，主要因大部分關鍵指標皆符合或優於標準，特別是流動比、現金流量比、利息保障倍數、負債總額、速動比、現金比等均為☆，無關鍵▼扣分。扣分主要來自股東權益報酬率與業外損益佔營收比率，分別標記為▼，影響整體評分，但整體仍屬優良。,Seasonic公司2026Q2財務結構穩健，短期及長期償債能力極佳，現金流充足，營運效率高，整體風險極低。主要風險在於股東權益報酬率偏低，顯示股東獲利能力不足，以及業外損益佔營收比率偏高，可能因非本業損益波動導致獲利不穩。建議公司提升本業獲利能力、降低業外損益波動，並持續優化資產運用效率，以維持財務健康。
2026Q2,6226,光鼎,2,,,,,,,57,黃燈,"現金流量比為-53.03，為關鍵▼，顯示公司現金流極度緊張，短期現金壓力大。
儘管流動比、速動比、現金比等短期償債指標表現優異，但總資產週轉率、營業利益率、資產報酬率等營運與獲利指標均為▼，反映本業經營效率及獲利能力不足。
負債總額、長期負債、流動負債、股東權益總額等財務結構指標均屬優良，顯示資本結構穩健，財務槓桿風險低。
業外損益佔營收比率過高（7.6%），顯示非本業損益對營收影響大，需關注本業獲利能力。",本次評分為57分，主要因現金流量比（-53.03）、總資產週轉率（.34）、營業利益率（-2.16）、資產報酬率（.48）、股東權益報酬率（.79）、業外損益佔營收比率（7.6）、應付帳款比率（5.64）等多項指標落於▼，尤其現金流量比為關鍵▼，大幅扣分；但流動比、速動比、現金比等短期償債指標表現良好，部分得分抵銷部分風險，最終評為黃燈。,光鼎公司2026Q2財務結構穩健，短期償債能力強，現金餘額充裕，負債比率低，資本結構良好。然而，現金流量比為-53.03，顯示營運現金流極度不足，若無法改善，將影響公司持續經營能力。本業獲利能力薄弱，營業利益率及資產報酬率皆極低，且業外損益佔營收比率過高，顯示獲利過度依賴非本業。建議公司加強本業營運效率，優化成本與費用結構，並積極改善現金流量，降低對業外收益的依賴，以提升整體財務體質與長期競爭力。
2026Q2,5471,松翰,2,,,,,,,95,綠燈,"流動比、現金流量比、速動比、現金比等流動性指標均遠高於標準，顯示公司短期償債能力極強。
負債總額 (%)、流動負債 (%)、股東權益總額 (%)等資本結構指標均達最佳標準，財務結構穩健。
營業毛利率、稅後淨利率、營業利益率、資產報酬率等獲利能力指標均優於標準，獲利能力極佳。
存貨週轉率、總資產週轉率、股東權益報酬率、業外損益佔營收比率、應付帳款 (%)等指標雖未達最佳標準，但均屬合理範圍，無重大風險。",本期評分為95分，主要因多數關鍵指標（流動比、現金流量比、速動比、現金比、負債總額 (%)、股東權益總額 (%)等）均達最佳標準，僅部分指標（如存貨週轉率、總資產週轉率、股東權益報酬率、業外損益佔營收比率、應付帳款 (%)）落於合理區間，扣除少量分數，整體財務風險極低。,松翰公司2026Q2整體財務狀況極為穩健，流動性、償債能力、資本結構及獲利能力均優於一般標準，無重大財務風險。唯一需注意的是存貨週轉率與資產運用效率未達最佳標準，建議持續提升存貨管理與資產運用效率，以維持高分評等。整體而言，財務風險極低，建議維持現有財務策略，並適度優化營運效率。
2026Q2,3710,連展,2,,,,,,,19,紅燈,"流動比、現金流量比、速動比、現金比皆遠低於標準，顯示短期償債能力與現金流極度不足，是主要財務風險來源。
負債總額 (%)、流動負債 (%) 遠高於標準，資本結構嚴重失衡，槓桿過高，增加財務壓力。
利息保障倍數為負，營業利益率、稅後淨利率、股東權益報酬率皆為負，代表公司本期營運嚴重虧損，獲利能力極弱。
雖存貨週轉率、固定資產週轉率、長期負債 (%)、應付帳款 (%)等部分指標表現佳，但無法抵銷整體財務危機，評分因此偏低。",評分19分，主要因為多項關鍵指標（流動比、現金流量比、利息保障倍數、負債總額 (%)、速動比、現金比）皆為▼，且獲利能力、資本結構、現金流量等核心指標表現極差，導致評分大幅扣分，整體財務風險極高。,連展公司2026Q2財務狀況極度不佳，短期償債能力與現金流量不足，負債比率過高，且獲利能力嚴重虧損。最重要的風險在於現金流與資本結構失衡，若無積極改善，將面臨資金斷鏈與財務危機。建議公司優先改善現金流、降低負債，並加強營運效率與獲利能力，必要時可考慮資本增資或重組以降低財務風險。
2026Q2,4153,鈺緯,2,,,,,,,94,綠燈,"流動比、速動比、現金比、現金流量比皆遠高於標準，顯示公司短期償債能力極強，資金流動性佳。
利息保障倍數、負債總額 (%)、股東權益總額 (%)、資產報酬率等關鍵指標皆符合頂標，財務結構穩健，長短期償債風險極低。
營業毛利率、稅後淨利率、營業利益率、每股盈餘年成長率等獲利指標皆高於標準，顯示公司獲利能力強且成長動能充足。
存貨週轉率、應收帳款週轉率、應收帳款佔營收比率、存貨佔營收比率等部分營運效率指標落在O標準，顯示營運效率尚有提升空間，但未達風險區。",本期評分為94分，主要因大部分指標皆符合頂標(☆)，僅存貨週轉率、應收帳款週轉率、存貨佔營收比率、應收帳款佔營收比率、股東權益報酬率、總資產週轉率等落在O標準，各扣除少量分數，整體財務結構穩健，風險極低。,鈺緯公司2026Q2財務狀況極為穩健，流動性、償債能力、獲利能力皆高於一般標準，綜合評分達94分，燈號為綠燈，顯示財務風險極低。主要需留意營運效率指標，如存貨週轉率、應收帳款週轉率、應收帳款佔營收比率等，雖未達風險區，但若能提升週轉效率及收款速度，將有助於進一步降低營運風險並提升資金運用效益。建議持續優化營運流程，加強存貨及應收帳款管理，以維持財務優勢。
2026Q2,8111,立碁,2,,,,,,,75,綠燈,"立碁公司在流動比、速動比、現金比、負債總額 (%)、長期負債 (%) 等關鍵償債指標表現優異，顯示短中長期償債能力極佳，財務結構穩健。
獲利能力指標如營業毛利率、稅後淨利率、每股稅後盈餘年成長率、資產報酬率均在標準之上，顯示公司具備良好獲利與成長動能。
現金流量比為負，且業外損益佔營收比率過高，反映公司現金流量管理及獲利結構存在潛在風險，需特別留意。
營業利益率、總資產週轉率偏低，資產運用效率與本業獲利能力需加強，避免過度依賴業外損益。",本次評分75分，主要因現金流量比、營業利益率、總資產週轉率及業外損益佔營收比率未達標準，各扣除部分分數；其餘多數關鍵償債與獲利指標表現良好，整體財務結構穩健，故評為綠燈。,立碁公司整體財務結構穩健，短期與長期償債能力極強，負債比低且現金充足，屬低風險企業。然而，現金流量比為負值，顯示經營活動現金流入遠低於流動負債，短期現金調度恐有壓力；同時，業外損益佔營收比率過高，代表獲利結構高度依賴業外收入，若業外收益波動，將直接影響獲利表現。建議公司強化本業營運效率、提升營業利益率，並加強現金流量管理，降低對業外損益的依賴，以鞏固長期財務安全。
2026Q2,6245,立端,2,,,,,,,75,綠燈,"立端公司在流動比、利息保障倍數、股東權益總額 (%)、負債總額 (%)、資產報酬率等關鍵指標均達到最高標準，顯示財務結構穩健，短期及長期償債能力強。
現金比、速動比、股東權益報酬率、營業利益率、總資產週轉率等指標略低於最高標準，但仍屬於安全區間，顯示資產運用及獲利能力尚可。
存貨週轉率、存貨佔營收比率、現金流量比出現▼，特別是現金流量比為負，顯示營業現金流量異常，存貨積壓及現金流壓力需注意。
整體評分75分，反映大部分指標表現優異，僅少數指標扣分，整體財務風險低，營運穩健。",評分75分主要因多數關鍵指標符合最高標準（如流動比、利息保障倍數、固定資產週轉率、股東權益總額 (%)、負債總額 (%)），但存貨週轉率、存貨佔營收比率及現金流量比出現▼，導致評分扣分，整體仍維持綠燈。,立端公司2026Q2整體財務結構穩健，短期及長期償債能力強，營運獲利能力佳。最主要風險為現金流量比為負數（-65.03），顯示營業現金流異常，可能因存貨積壓（存貨週轉率低、存貨佔營收比率高）導致資金流動受阻。建議公司加強存貨管理，提升週轉效率，並檢討營業現金流來源，避免現金流惡化影響後續營運及投資彈性。
2026Q2,2454,聯發科,2,,,,,,,81,綠燈,"公司多數獲利及資產運用指標（如營業毛利率、稅後淨利率、股東權益報酬率、資產報酬率、固定資產週轉率）皆遠高於標準，顯示獲利能力及資產運用效率極佳。
流動比、現金流量比、現金比等流動性指標表現良好，現金流動性極佳，短期償債能力整體尚可。
唯一速動比為▼，顯示短期償債能力有待加強，需注意流動資產結構。
每股稅後盈餘年成長率為▼，代表獲利成長出現衰退，需關注未來獲利動能。",本期評分為81分，主要扣分來自速動比（▼）及每股稅後盈餘年成長率（▼），其餘多數指標皆符合或優於標準，整體財務狀況穩健，獲利能力強，流動性良好。,聯發科2026Q2整體財務表現優異，獲利能力及資產運用效率極佳，現金流動性充足，財務結構穩健。主要風險在於速動比低於標準，顯示短期償債能力有待提升，建議公司檢視流動資產結構，適度提高速動資產比例以強化短期償債能力。此外，每股稅後盈餘年成長率為負，獲利成長動能減弱，建議加強營運策略與產品創新，提升未來獲利表現。
2026Q2,3605,宏致,2,,,,,,,92,綠燈,"流動比與速動比皆遠高於標準，顯示公司短期償債能力極佳，流動資產充足。
利息保障倍數、現金比、負債總額 (%) 均達最高標準，代表公司長短期償債壓力低，財務結構穩健。
營業毛利率、稅後淨利率、每股盈餘年成長率、資產報酬率等獲利指標皆優於標準，顯示公司獲利能力強且成長性佳。
部分指標如現金流量比、應收帳款週轉率、股東權益報酬率、營業利益率、應收帳款佔營收比率、總資產週轉率等落於一般標準的中段，需持續提升營運效率與資金回收速度。",本期評分為92分，主要因大多數關鍵指標皆達最高標準（☆），如流動比、速動比、現金比、利息保障倍數、負債總額 (%) 等，顯示公司財務結構穩健、償債能力強、獲利能力佳。僅有部分指標落於O區（如現金流量比、應收帳款週轉率、股東權益報酬率、營業利益率、應收帳款佔營收比率、總資產週轉率），因此略有扣分，但整體未出現▼，風險極低。,宏致公司2026Q2財務狀況整體表現優異，關鍵指標皆無明顯風險，短期及長期償債能力均極佳，獲利能力強且成長性突出。主要需注意的風險在於現金流量比、應收帳款週轉率及應收帳款佔營收比率等指標落於中段，顯示資金回收速度及現金流穩定性仍有提升空間。建議公司持續強化營運效率、加快資金回收，並監控現金流量，以確保未來財務穩健與資金運用靈活。
2026Q2,3169,亞信,2,,,,,,,96,綠燈,"亞信公司於流動比、現金流量比、利息保障倍數、負債總額 (%)、速動比、現金比等關鍵指標皆獲得最佳標記（☆），顯示短期與長期償債能力極強，財務結構極為穩健。
營業毛利率、稅後淨利率、營業利益率、資產報酬率、固定資產週轉率等獲得高分，顯示本業獲利能力及資產運用效率極佳。
部分指標如存貨佔營收比率、總資產週轉率、股東權益報酬率、業外損益佔營收比率屬於O區間，顯示公司在資產運用、存貨水準及業外損益控制上仍有進步空間。
本期所有指標皆無落入▼區間，風險極低，整體財務體質優異。",本期評分為96分，主要因大部分指標皆為☆，僅因存貨佔營收比率、總資產週轉率、股東權益報酬率、業外損益佔營收比率等4項指標屬O區間而略有扣分，無任何▼區間指標，整體財務風險極低。,亞信公司2026Q2財務結構極為穩健，短期及長期償債能力皆處於極高水準，現金流量與現金比充裕，負債比率極低，顯示公司幾乎無財務槓桿風險。本業獲利能力強，資產與固定資產運用效率亦佳，呆帳及庫存風險皆低。惟需留意部分指標如存貨佔營收比率偏低、業外損益佔營收比率略高、資產週轉率及股東權益報酬率尚有提升空間。建議持續改善資產運用效率、優化存貨管理，並強化本業獲利穩定性，以維持長期競爭力。
2026Q2,3260,威剛,2,,,,,,,59,黃燈,"現金流量比、速動比、現金比皆明顯低於標準，顯示短期流動性與現金流量風險。
負債總額 (%)、股東權益總額 (%)皆落入▼區間，資本結構較為薄弱，負債比過高。
獲利能力指標（營業毛利率、稅後淨利率、股東權益報酬率、資產報酬率等）均遠高於標準，營運績效優異。
部分週轉率及存貨比率落於O區間，顯示營運效率尚可，需持續改善。",本期評分為59分，主要因現金流量比、速動比、現金比、負債總額 (%)、股東權益總額 (%)等重要指標落入▼區間，扣分較多，雖然獲利能力極佳但流動性與資本結構風險需改善，因此燈號為黃燈。,威剛公司2026Q2財報顯示獲利能力極強，營業毛利率、淨利率、資產報酬率等均遠高於業界標準，營運績效優異。然而，現金流量比、速動比、現金比明顯低於標準，顯示短期流動性與現金流量風險，資本結構亦因負債總額偏高、股東權益偏低而需改善。建議公司加強現金流管理、提升速動資產比例、降低負債比，並持續監控存貨與應付帳款週轉效率，以提升整體財務穩健度。
2026Q2,3029,零壹,2,,,,,,,62,黃燈,"公司在獲利能力、資產運用效率（如資產報酬率、股東權益報酬率、存貨週轉率、固定資產週轉率等）表現優異，顯示本業經營具競爭力。
短期償債能力（如流動比、速動比）維持在合理水準，但現金流量比顯示現金流狀況不佳，需注意營運現金流的穩定。
負債結構偏高，負債總額、流動負債、應付帳款等指標皆超過警戒值，資本結構較為脆弱。
部分指標如現金比、應收帳款佔營收比率等落於中間區間，顯示資金調度與收款風險需持續關注。",本次評分62分，主要因現金流量比、負債總額 (%)、流動負債 (%)、應付帳款 (%)、股東權益總額 (%)等指標扣分，特別是現金流量比與負債總額 (%)屬於關鍵▼項，顯著拉低總分。雖然獲利與資產運用效率表現良好，但財務結構及現金流狀況需加強，整體以黃燈顯示中度風險。,零壹公司2026Q2財務結構顯示，儘管本業獲利與資產運用效率優異，但面臨現金流量比為負、負債總額偏高與流動負債比重過大等重大風險，短期及長期償債壓力明顯。建議公司強化現金流管理、降低負債比重、檢討應付帳款與資本結構，並持續提升現金償債能力，以降低財務風險，確保營運穩健。
2026Q2,2428,興勤,2,,,,,,,88,綠燈,"多數關鍵指標如流動比、現金流量比、利息保障倍數、負債總額 (%)、速動比、現金比皆表現優異，顯示公司財務結構穩健，短中長期償債能力極強。
獲利能力指標（營業毛利率、稅後淨利率、每股稅後盈餘年成長率、股東權益報酬率、營業利益率、資產報酬率）皆大幅優於標準，展現極佳經營績效。
存貨週轉率、應收帳款週轉率、現金流量比等指標雖屬正常，但仍有提升空間，建議持續優化營運效率。
業外損益佔營收比率顯著偏高，需注意非本業損益波動對整體獲利的潛在影響。",本期評分88分，主要因多數指標表現優異，僅有業外損益佔營收比率為▼，扣除部分分數，其餘如現金流量比、存貨週轉率、應收帳款週轉率等為O，略有扣分。整體評分反映公司財務體質極佳，僅需注意業外損益波動風險。,興勤公司2026Q2整體財務狀況極為穩健，短中長期償債能力皆屬優異，獲利能力及資產運用效率亦高於產業標準。唯一需特別留意的是業外損益佔營收比率過高（10.82%），顯示非本業損益對整體獲利影響大，未來若業外損益出現不利變動，將可能拉低公司整體獲利表現。建議公司應強化本業經營，降低對業外損益的依賴，並持續優化營運效率與現金流量管理，以維持財務結構之穩健與成長動能。
2026Q2,6272,驊陞,2,,,,,,,58,黃燈,"公司短期償債能力表現良好，流動比、現金流量比、速動比皆符合標準，現金比亦在普通標準區間。
獲利能力極弱，稅後淨利率、每股稅後盈餘年成長率、股東權益報酬率、營業利益率、資產報酬率皆為負值或極低，顯示營運績效不佳。
利息保障倍數僅0.05，遠低於標準，顯示公司償付利息能力極低，為重大財務風險。
資本結構尚可，負債總額、股東權益總額落於普通標準，長期負債、流動負債皆符合優良標準，資本安全性尚可。",本期評分為58分，主要扣分原因來自獲利能力指標（稅後淨利率、每股稅後盈餘年成長率、股東權益報酬率、營業利益率、資產報酬率）及利息保障倍數皆為▼，顯示公司營運獲利極弱且償付利息能力極低，雖短期償債能力與資本結構尚可，但整體財務表現偏弱，故評為黃燈。,驊陞公司2026Q2財務風險主要集中於獲利能力與利息償付能力。儘管短期償債能力與資本結構尚可，但營業利益率、稅後淨利率、股東權益報酬率、資產報酬率皆為負值，顯示公司營運績效極弱。利息保障倍數僅0.05，代表公司幾乎無法以營業利益支付利息，存在極高的財務危機。建議公司積極改善營運效率、降低成本、提升獲利，同時審慎管理債務結構，避免進一步惡化償債能力。
2026Q2,6126,信音,2,,,,,,,71,綠燈,"信音公司短期及長期償債能力極佳，流動比、速動比、現金比、流動負債(%)、長期負債(%)、負債總額(%)及股東權益總額(%)皆獲得最高等級評價，顯示財務結構穩健。
現金流量比為負，且遠低於標準，顯示營運現金流壓力大，為本期最主要的財務風險。
獲利能力指標（如稅後淨利率、每股稅後盈餘年成長率、股東權益報酬率、資產報酬率）均低於標準，顯示獲利能力與資本運用效益需加強。
存貨及固定資產管理效率高，存貨週轉率、存貨佔營收比率、固定資產週轉率皆表現優異，有助於提升資金運用效率。",本期評分71分，屬於綠燈區間，主要因短期償債能力及資本結構表現優異，相關指標均給予高分；惟獲利能力（稅後淨利率、股東權益報酬率、資產報酬率、每股稅後盈餘年成長率）及現金流量比表現不佳，導致部分扣分，整體風險可控但需關注現金流與獲利改善。,信音公司2026Q2整體財務結構穩健，短期及長期償債能力強，資本結構佳，資產與存貨管理效率優良。然而，最需注意的風險在於現金流量比為負，顯示營運現金流入明顯不足，若持續惡化恐影響日常營運與資金調度。建議公司加強現金流管理，檢討營運現金流入來源，並積極提升獲利能力（如改善獲利結構、控制成本、提升營收），以強化整體財務體質，降低未來潛在風險。
2026Q2,6435,大中,2,,,,,,,100,綠燈,"大中公司所有關鍵指標（流動比、現金流量比、利息保障倍數、負債總額 (%)、速動比、現金比）皆獲得最高標記（☆），顯示短期及長期償債能力極佳。
獲利能力指標（營業毛利率、稅後淨利率、營業利益率、股東權益報酬率、資產報酬率）均遠高於一般標準，顯示公司營運效率與獲利能力強。
資本結構穩健（股東權益總額 (%) 高於標準，負債總額 (%) 低於標準），長期負債極低，財務風險極小。
營運效率指標（存貨週轉率、應收帳款週轉率、固定資產週轉率、總資產週轉率）均高於標準，顯示資產管理效率佳。",所有有提供數值的財務指標皆符合或超越標準，無任何扣分項目，因此評分為100分。,大中公司2026Q2財務狀況極為穩健，所有主要財務指標均高於一般標準，短期及長期償債能力、獲利能力、資產運用效率皆無明顯風險。最重要的風險為未來營運環境變化或產業競爭加劇，建議持續監控營收成長與成本控制，並適度分散資產配置，以維持現有優勢。
2026Q2,6104,創惟,2,,,,,,,96,綠燈,"流動比、現金流量比、現金比、速動比皆高於標準，顯示短期償債能力與流動性極佳。
利息保障倍數、負債總額 (%)、股東權益總額 (%)、長期負債 (%)等財務結構指標均落於最佳標準，財務安全性高。
營業毛利率、營業利益率、稅後淨利率、資產報酬率等獲利能力指標皆遠高於標準，顯示公司營運效率與獲利能力優異。
存貨週轉率、速動比略低於最高標準，但仍屬良好，整體無重大扣分項目，關鍵▼數量為0。",評分為96分，主要因所有關鍵指標均符合標準且無▼標記，僅存貨週轉率與速動比為O標記，造成小幅扣分。整體財務結構、獲利能力與流動性皆極佳，無重大財務風險。,創惟公司2026Q2財務狀況表現極為優秀，所有關鍵指標均高於一般標準，無任何重大財務風險。短期償債能力、現金流、獲利能力及資產運用效率均屬業界頂尖。唯一需注意的是存貨週轉率與速動比略低於最高標準，建議持續優化存貨管理與資金運用，以維持高效率。整體而言，公司財務健康，建議持續監控存貨與流動資產結構，確保未來營運穩健。
2026Q2,6166,ADLINK,2,,,,,,,66,黃燈,"ADLINK公司在獲利能力（如營業毛利率、稅後淨利率、股東權益報酬率、營業利益率等）表現優異，均高於一般標準。
現金流量比、速動比明顯低於標準，顯示短期現金流及即時償債能力不足，為主要風險來源。
負債總額偏高、股東權益總額偏低，顯示公司財務槓桿較高，資本結構較弱，需注意財務穩定性。
流動比、應收帳款週轉率、固定資產週轉率等多數營運效率指標良好，顯示公司營運管理能力佳。",本期評分為66分，屬於黃燈區間。主要扣分來自現金流量比、負債總額 (%)、速動比等3項指標為▼，顯示現金流與財務結構有明顯壓力，其餘多數指標表現良好，故整體評價為中等偏穩健，但需高度關注現金流與負債結構風險。,ADLINK公司2026Q2在獲利能力與營運效率表現優異，顯示本業經營穩健。然而，現金流量比（3.41%）、速動比（76.68%）明顯低於標準，短期現金流與即時償債能力不足，若遇資金緊縮或突發資金需求，將面臨流動性風險。此外，負債總額占比高達62.79%，股東權益總額僅37.21%，反映財務槓桿偏高、資本結構較弱。建議公司加強現金流管理、降低負債比率、提升速動資產水位，以強化財務體質，降低潛在財務風險。
2026Q2,3217,優群,2,,,,,,,92,綠燈,"優群公司在流動比、速動比、現金比等短期償債能力指標均遠高於標準，顯示資金流動性極佳。
利息保障倍數、負債總額 (%)、股東權益總額 (%) 等財務結構指標表現優異，財務槓桿低，資本結構穩健。
營業毛利率、營業利益率、稅後淨利率、資產報酬率等獲利能力指標均高於標準，顯示公司營運獲利能力強。
部分營運效率指標如存貨週轉率、應收帳款週轉率、現金流量比、應收帳款佔營收比率等落在一般標準區間，雖無重大風險，但仍有改善空間。",本期評分為92分，主要因大部分關鍵指標均達優良標準，僅存貨週轉率、應收帳款週轉率、現金流量比、應收帳款佔營收比率等4項落在一般標準區間，各項扣分幅度有限，整體財務風險極低。,優群公司2026Q2整體財務狀況極為穩健，短期償債能力、現金流動性、獲利能力及資本結構均明顯優於一般標準。主要需注意營運效率相關指標，如存貨週轉率、應收帳款週轉率及現金流量比，雖未達優良標準但無明顯風險，建議持續優化營運流程，加強資金回收與存貨管理，以提升營運效率並保持現金流量穩定。整體來看，財務風險極低，僅需關注營運效率改善。
2026Q2,3227,原相,2,,,,,,,97,綠燈,"公司流動比、速動比、現金比、現金流量比皆遠高於標準，顯示短期償債能力極強，流動性無虞。
負債總額、流動負債、長期負債比率均遠低於標準，財務結構穩健，資本安全性高。
營業毛利率、稅後淨利率、股東權益報酬率、資產報酬率等獲利指標均達最高標準，營運績效優異。
存貨週轉率、總資產週轉率、業外損益佔營收比率等部分指標落於一般標準區間，需持續關注資產運用效率與業外損益波動。",本期評分為97分，主要扣分來自存貨週轉率、總資產週轉率、業外損益佔營收比率等落於一般標準區間之指標，其餘多數指標均達最高標準，整體財務表現極佳。,原相公司2026Q2財務結構穩健，流動性及償債能力極強，營運獲利能力優異，幾乎無重大財務風險。惟存貨週轉率略低於最高標準，資產運用效率與業外損益佔營收比率需持續關注，建議公司加強資產管理與業外損益控管，以維持高分財務表現。
2026Q2,3028,增你強,2,,,,,,,48,紅燈,"流動比、速動比、現金比、現金流量比皆低於標準，短期償債及現金流動性風險極高。
負債總額比率及流動負債比率明顯偏高，資本結構失衡，財務槓桿過高。
雖然獲利能力部分指標如每股盈餘年成長率、資產報酬率、固定資產週轉率等表現優異，但營業毛利率偏低，獲利空間有限。
股東權益總額占資產比率極低，抗風險能力明顯不足，需特別關注資本結構調整。",本次評分為48分，主因在於現金流量比、負債總額 (%)、速動比、現金比等多項關鍵指標出現▼，大幅扣分，且流動負債、股東權益總額等結構性指標亦表現不佳，導致燈號為紅燈，顯示公司財務風險偏高。,增你強公司2026Q2財務結構顯示短期償債能力與現金流動性明顯不足，現金流量比及現金比皆低於標準，短期現金調度壓力極大。負債總額及流動負債比率過高，資本結構失衡，若遇資金緊縮或外部環境變動，易引發流動性危機。建議公司應優先強化現金流管理，降低短期負債比重，積極提升自有資本，並檢討營運現金流來源，加強營業毛利率提升，以改善整體財務體質。
2026Q2,6833,太康,2,,,,,,,68,黃燈,"流動比(89.28)與速動比(65.84)均低於標準，顯示短期償債能力明顯不足。
負債總額(80.88%)遠高於標準，股東權益總額(19.12%)嚴重偏低，資本結構極度不健康。
流動負債比率(75.39%)過高，加重資金調度壓力，短期債務壓力大。
現金比(35.05%)與應付帳款比率(34.1%)表現良好，現金水準尚可支撐部分短期需求。",本次評分68分，主要因流動比、速動比、負債總額、股東權益總額、流動負債等多項指標明顯低於標準，導致扣分較多。雖然現金比與應付帳款比率表現尚可，但無法彌補資本結構與短期償債能力的重大缺失，因此整體評分偏低，呈現黃燈警示。,太康公司2026Q2財務結構顯示出顯著風險，尤其是流動比與速動比遠低於標準，短期償債能力嚴重不足。負債總額高達80.88%，股東權益僅19.12%，資本結構極度薄弱，抗風險能力低。雖然現金比尚可，但無法有效緩解整體財務壓力。建議公司應積極改善資本結構，降低負債比重，提升流動與速動比，並加強現金流管理，以降低財務風險，提升財務穩健度。
2026Q2,3325,旭品,2,,,,,,,26,紅燈,"獲利能力極差：營業毛利率、稅後淨利率、營業利益率、每股稅後盈餘年成長率、資產報酬率、股東權益報酬率等多項指標皆嚴重低於標準，顯示公司本期處於大幅虧損狀態。
現金流與償債風險高：現金流量比、速動比、利息保障倍數皆為▼，顯示公司短期現金流極度不足，且無法支付利息，財務壓力極大。
資產運用與資金回收效率不佳：總資產週轉率、應收帳款週轉率、應收帳款佔營收比率均為▼，反映資產與資金運用效率低，應收帳款回收風險大。
存貨與業外損益惡化：存貨佔營收比率、業外損益佔營收比率均為▼，顯示存貨積壓嚴重且業外損失對本期損益有重大負面影響。",本期評分26分，主要因多項關鍵指標（如現金流量比、利息保障倍數、速動比等）皆為▼，且獲利能力、資產運用效率、資金回收狀況普遍不佳，導致評分大幅扣分，整體財務風險偏高。,旭品公司2026Q2財務狀況極為嚴峻，最主要風險在於獲利能力大幅惡化（多項獲利指標為▼），營運現金流極度短缺（現金流量比嚴重為負），且無法以營業利益支付利息（利息保障倍數為負），短期流動性亦有明顯壓力（速動比低於標準）。此外，應收帳款及存貨積壓嚴重，資金回收困難，業外損失亦加劇財務壓力。建議公司應積極改善本業營運效率，強化現金流管理，加速應收帳款回收並處理存貨積壓，同時審慎控制業外損失，以降低整體財務風險。
2026Q2,3630,新鉅科,2,,,,,,,57,黃燈,"現金流量比與利息保障倍數皆為▼，顯示公司現金流與償付利息能力極弱，是本期財務風險的核心問題。
獲利指標（稅後淨利率、每股稅後盈餘年成長率、營業利益率、資產報酬率、股東權益報酬率）多為▼，公司獲利能力嚴重不足。
流動比、速動比、現金比、股東權益總額 (%)、負債總額 (%)、長期負債 (%)等指標皆為☆，資本結構與短期償債能力良好，資產流動性高。
存貨週轉率、存貨佔營收比率等營運效率指標表現佳，但應收帳款週轉率與固定資產週轉率僅達O，資金回收及資產運用尚需改善。",本期評分為57分，主要因獲利能力與現金流量表現極差（多項指標為▼），但資本結構與償債能力良好（多項為☆），因此整體評分落於黃燈區間。獲利與現金流指標扣分較多，營運效率與資本結構部分加分，綜合評定為中度風險。,新鉅科公司2026Q2財務狀況顯示，雖然流動比、速動比、現金比、股東權益總額 (%) 等指標表現優異，資本結構穩健，短期償債能力強，但現金流量比與利息保障倍數皆為負數，顯示營運現金流嚴重不足且無法支付利息，獲利能力亦極弱（多項獲利指標為負），公司面臨重大財務風險。建議公司應積極改善營運現金流，提升核心業務獲利能力，並控制成本與費用，避免現金流斷裂及債務危機，此外需加強資金回收效率，提升資產運用效益。
2026Q2,2387,精元,2,,,,,,,64,黃燈,"流動比、速動比、現金比等短期償債能力指標均達優良標準，顯示公司短期財務結構穩健。
現金流量比與利息保障倍數皆低於標準，顯示現金流量與利息償付能力為主要風險。
獲利能力指標（稅後淨利率、營業利益率、股東權益報酬率、資產報酬率）皆低於標準，反映公司獲利表現明顯不足。
存貨週轉率、固定資產週轉率等營運效率指標表現良好，資產運用效率高，有助於提升未來獲利。",本期評分64分，主要因現金流量比、利息保障倍數、獲利能力相關指標（稅後淨利率、營業利益率、股東權益報酬率、資產報酬率）未達標準而扣分，短期償債能力與資產運用效率表現良好，但獲利與現金流風險需持續關注。,精元公司2026Q2財務結構整體穩健，短期償債能力與資產運用效率均屬優良，但獲利能力與現金流量明顯偏弱，尤其現金流量比、利息保障倍數均低於標準，代表營運現金流入不足、利息償付壓力較大。建議公司強化營運現金流管理、提升本業獲利能力，並審慎控管財務費用，以降低未來財務風險。
2026Q2,2313,COMPEQ,2,,,,,,,76,綠燈,"關鍵指標如流動比、現金比、利息保障倍數等均達到優良標準，顯示公司整體短期償債能力與資金調度能力強。
現金流量比與速動比皆為▼，顯示短期現金流與高流動資產償債能力有明顯壓力，是主要扣分來源。
負債總額 (%) 與股東權益總額 (%) 均處於一般水準，資本結構尚可但仍需關注負債比重變化。
公司獲利能力（如稅後淨利率、資產報酬率、每股稅後盈餘年成長率）表現優異，營運效率佳，有助於長期成長。",本次評分76分，主要因現金流量比與速動比皆為▼，各扣10分，合計扣20分，其他多數指標表現良好或一般，整體仍維持綠燈水準。,COMPEQ公司2026Q2整體財務結構穩健，短期償債能力強，獲利能力與資產運用效率優異，評分維持綠燈。然而，現金流量比與速動比皆低於標準，顯示短期現金流壓力與高流動資產不足，若遇到突發資金需求，可能影響營運穩定性。建議公司加強現金流管理，優化應收帳款與存貨週轉，並審慎評估資金調度，以提升流動性，降低短期財務風險。
2026Q2,7801,華芸,2,,,,,,,70,綠燈,"流動比、現金比、負債總額 (%)、股東權益總額 (%) 等關鍵指標皆達到高標準，顯示財務結構穩健，短期償債能力強。
現金流量比為負值，顯示營業現金流量不足，短期現金償債風險需特別關注。
存貨週轉率偏低、每股稅後盈餘年成長率大幅衰退，反映營運效率及獲利成長存在壓力。
利息保障倍數、固定資產週轉率、應收帳款週轉率等指標表現優異，資產運用效率及利息償付能力極佳。",評分70分，主要因流動比、現金比、負債總額 (%)、利息保障倍數等關鍵指標表現優異，帶來高分；但現金流量比、存貨週轉率、每股盈餘年成長率及股東權益報酬率等指標表現不佳，扣除部分分數，整體仍屬財務健康。,華芸公司2026Q2整體財務結構穩健，短期及極短期償債能力強，資產運用效率佳，營業毛利率高，顯示產品競爭力與獲利能力良好。然而，現金流量比為負值，營業現金流量嚴重不足，可能影響未來資金調度與償債能力，是最重要的財務風險。建議公司加強營運現金流管理，提升存貨週轉效率，並積極改善獲利成長，以降低現金流風險並強化整體財務體質。
2026Q2,3665,貿聯-KY,2,,,,,,,96,綠燈,"公司流動比、速動比、現金比等短期償債能力指標皆遠高於標準，顯示資金流動性極佳。
獲利能力指標（營業毛利率、稅後淨利率、股東權益報酬率、資產報酬率等）均落於最佳區間，獲利表現優異。
負債結構健康，負債總額及長短期負債比率皆低於標準，財務槓桿適中，資本結構穩健。
存貨、應收帳款、固定資產週轉率等營運效率指標表現良好，無營運風險。",本期評分為96分，主因各項關鍵指標均符合或優於標準，僅現金流量比與存貨週轉率落於O標記區間，各扣2分，整體財務狀況極為健康，無重大風險。,貿聯-KY公司2026Q2整體財務結構穩健，流動性、獲利能力、資本結構與營運效率皆優於一般標準。唯一需注意的是現金流量比與存貨週轉率略低於最佳標準，建議持續優化營運現金流與存貨管理，以維持高分水準。整體而言，公司短期與長期償債能力強，營運風險極低，財務風險可控，建議持續關注營運現金流量變化，並適度提升存貨週轉效率。
2026Q2,6270,倍微,2,,,,,,,81,綠燈,"倍微公司多數指標表現優異，特別在流動比、速動比、現金比、負債總額 (%) 等短期償債與財務結構項目，均達到最高標準，顯示財務體質穩健。
現金流量比為-29.48，遠低於標準，顯示營運現金流量嚴重不足，是關鍵風險指標。
獲利能力指標（如股東權益報酬率、營業利益率）均低於標準，顯示公司雖然資金結構穩健，但營運效率及獲利能力有待提升。
資產與存貨週轉效率、應收帳款管理等均屬優良，顯示營運資金運用效率高，資金流動性佳。",本次評分為81分，主要因多數指標（如流動比、速動比、現金比、負債總額 (%) 等）均屬優良區間，僅現金流量比（▼）、股東權益報酬率（▼）、營業利益率（▼）三項扣分，其他關鍵指標皆維持高分，因此評分屬於高檔，整體為綠燈。,倍微公司2026Q2整體財務結構穩健，短期償債能力極強，資金運用效率高，營運風險低。然而，現金流量比顯著為負，顯示營運現金流入明顯不足，若持續惡化，將影響公司短期現金調度與長期營運穩定。建議公司應加強現金流管理，檢視營運資金調度，並提升營業利益率與股東權益報酬率，以增強整體獲利能力與資本報酬效率，降低未來潛在財務風險。
2026Q2,3577,泓格,2,,,,,,,91,綠燈,"公司在獲利能力、償債能力、資本結構等多項關鍵指標（如營業毛利率、稅後淨利率、流動比、現金流量比、利息保障倍數、負債總額 (%)、現金比）均表現優異，顯示經營穩健。
存貨週轉率低於標準，反映存貨管理效率偏低，需關注存貨積壓與跌價風險。
速動比雖落於O區間，但仍在安全範圍，短期償債能力無立即疑慮。
其餘各項指標均高於或接近標準，整體財務風險極低，具備良好成長與抗風險能力。",本次評分為91分，主要因公司多數指標均達到或超越一般標準，僅存貨週轉率出現▼扣分（扣5分），速動比與存貨佔營收比率落於O區間（各扣2分），其餘指標皆為☆，因此整體評分維持高檔，反映公司財務體質優良。,泓格公司2026Q2整體財務結構極為穩健，獲利能力、償債能力及現金流量均遠優於一般標準，短期與長期負債壓力極低，顯示公司具備高度抗風險能力。唯一需持續關注的是存貨週轉率偏低，建議加強存貨管理、優化庫存結構，以降低存貨積壓與跌價的潛在風險。整體而言，公司目前無重大財務風險，後續可持續強化營運效率，進一步提升資產運用效益。
2026Q2,8096,擎亞,2,,,,,,,32,紅燈,"擎亞公司本期現金流量比、現金比、速動比、負債總額 (%)、利息保障倍數皆為▼，顯示短期及長期償債能力極弱，流動性風險極高。
營業毛利率、稅後淨利率、營業利益率均為▼，獲利能力極低，營運效率不佳，長期經營存在風險。
股東權益總額 (%)、流動負債 (%)、應付帳款 (%)皆偏離標準，資本結構不健康，資金來源過度依賴負債。
部分營運效率指標如固定資產週轉率、存貨週轉率、每股稅後盈餘年成長率等表現優異，但無法抵消整體財務結構與流動性風險。",評分32分，主要因關鍵財務指標如現金流量比、現金比、速動比、負債總額 (%)、利息保障倍數等皆為▼，每項扣分，且獲利能力指標也多為▼，整體財務結構與流動性風險嚴重，故評分偏低。,擎亞公司2026Q2財務結構極度不健康，負債總額高達88.25%，股東權益僅11.75%，現金流量比與現金比皆極低甚至為負，速動比僅33.61%，顯示短期償債能力極弱，隨時面臨資金斷鏈風險。營業毛利率、淨利率、營業利益率皆遠低於標準，獲利能力極差。建議公司優先改善現金流，降低負債比率並增強資本結構，同時提升產品毛利率與營業效率，以避免財務危機與營運困難。
2026Q2,6138,茂達,2,,,,,,,99,綠燈,"流動比、速動比、現金比、現金流量比皆遠高於標準，顯示公司短期償債能力極強，流動性無虞。
利息保障倍數、負債總額 (%)、股東權益總額 (%) 均符合☆標準，財務結構穩健，長短期負債風險極低。
營業毛利率、營業利益率、稅後淨利率、資產報酬率等獲利指標皆遠高於標準，顯示公司獲利能力極佳。
唯一需留意的為業外損益佔營收比率落於O區間，雖無重大風險，但仍需監控業外損益波動。",本期評分為99分，主要因所有關鍵財務指標皆達☆標準，僅業外損益佔營收比率落於O區間，扣除1分。整體財務風險極低，結構穩健。,茂達公司2026Q2整體財務狀況極為穩健，所有關鍵指標皆達到最高標準，短期與長期償債能力無虞，獲利能力及資產運用效率均屬優異。唯一需注意的是業外損益佔營收比率略高於理想值，建議公司持續監控業外損益來源，避免未來波動對獲利造成影響。整體而言，茂達公司目前無重大財務風險，建議維持現有財務策略，並加強業外損益管理。
2026Q2,3594,磐儀,2,,,,,,,59,黃燈,"關鍵指標如流動比、利息保障倍數、負債總額 (%) 均符合標準，顯示公司整體償債能力與財務槓桿尚可。
現金流量比與速動比均為▼，顯示短期現金流動與即時償債能力存在較大風險，需特別關注。
存貨週轉率與存貨佔營收比率均為▼，存貨管理效率低且庫存積壓嚴重，資金運用效率不佳。
獲利能力指標如營業毛利率、稅後淨利率、每股稅後盈餘年成長率、固定資產週轉率均為☆，顯示公司營運獲利能力強。",本期評分為59分，主要因現金流量比、速動比、存貨週轉率、存貨佔營收比率等指標扣分，反映短期現金流動與存貨管理存在明顯風險；但獲利能力與資產運用效率良好，整體維持黃燈。,磐儀公司2026Q2財務結構整體尚可，但短期現金流量比與速動比均明顯低於標準，顯示現金流動與即時償債能力存在較大風險，若遇營運波動或資金需求，可能面臨流動性危機。此外，存貨週轉率極低且存貨佔營收比率過高，庫存積壓嚴重，資金運用效率不佳。建議公司加強存貨管理、提升現金流量，並優化資金調度，降低短期財務風險，確保營運穩健。
2026Q2,3673,TPK-KY,2,,,,,,,67,黃燈,"公司短期償債能力極佳（流動比、速動比、現金比均為☆），流動負債結構穩健（流動負債 (%)、負債總額 (%)、股東權益總額 (%)均為☆）。
營業獲利能力偏弱（營業毛利率、營業利益率、股東權益報酬率皆為▼），營運競爭壓力大，需提升獲利能力。
現金流量比與利息保障倍數皆為▼，顯示現金流量償債能力與利息支付能力不足，需高度重視現金流量管理與營業利益提升。
資產運用效率佳（固定資產週轉率、存貨週轉率、應收帳款週轉率皆為☆），但業外損益佔營收比率偏高（O），需留意業外波動對獲利的影響。",本期評分為67分，主要扣分項目來自營業毛利率、現金流量比、利息保障倍數、股東權益報酬率、營業利益率等指標皆為▼，顯示公司營業獲利能力及現金流量償債能力較弱，雖然資產運用效率與短期償債能力表現優異，但整體財務風險仍需關注。,TPK-KY公司2026Q2財務狀況顯示短期償債能力極佳，資產運用效率高，資本結構穩健。然而，最重要的風險在於營業毛利率、營業利益率、股東權益報酬率、現金流量比及利息保障倍數皆偏低甚至為負，代表公司核心營業獲利能力與現金流量償債能力不足，營運競爭壓力大。建議公司應加強營業獲利能力、提升現金流量管理，並降低利息支出與業外損益波動，以改善整體財務風險。
2026Q2,2385,群光,2,,,,,,,72,綠燈,"群光公司多數關鍵指標如流動比、現金比、利息保障倍數、固定資產週轉率、資產報酬率等均達到或超過標準，顯示財務體質穩健。
現金流量比僅7.6，遠低於標準，顯示營運現金流量不足，需特別注意流動性風險。
營業利益率僅2.46%，低於標準，營業獲利能力較弱，主要獲利來源可能來自業外損益，需改善營運效率。
業外損益佔營收比率高達9.58%，顯示獲利結構過度仰賴業外收入，未來若業外損益波動，獲利將受影響。",本期評分為72分，主要扣分項目為現金流量比（▼）、營業利益率（▼）、業外損益佔營收比率（▼），這三項指標各扣分，其他指標多數符合標準或為一般水準，因此整體評分維持在綠燈區間。,群光公司2026Q2財務結構整體穩健，多數關鍵指標表現良好，特別是流動比、現金比、利息保障倍數等，顯示短期償債能力與資本結構均屬健康。然而，現金流量比顯著低於標準，營業利益率偏低，且業外損益佔營收比率過高，顯示營運現金流量不足及獲利結構過度仰賴業外收入。建議公司加強營運現金流管理，提升營業獲利能力，並降低業外損益對獲利的依賴，以強化未來財務穩定性。
2026Q2,6224,聚鼎,2,,,,,,,83,綠燈,"聚鼎公司在流動比、速動比、現金比、負債總額 (%)、長期負債 (%)、股東權益總額 (%)等關鍵指標均達到☆標準，顯示短期及長期償債能力強，資本結構穩健。
獲利能力指標如營業毛利率、稅後淨利率、資產報酬率、每股稅後盈餘年成長率均表現優異，顯示公司獲利能力強且成長動能足。
現金流量比為唯一▼標記，顯示營運現金流不足，需高度關注現金流風險，這也是本期主要扣分來源。
存貨週轉率、應收帳款週轉率、業外損益佔營收比率、應收帳款佔營收比率等部分指標為O標記，雖無重大風險，但需持續改善以提升資產運用效率及收款能力。",本期評分為83分，主要因公司多數關鍵指標均達到☆標準，顯示財務結構穩健、獲利能力強，僅因現金流量比為▼標記而扣分，其他O標記指標如存貨週轉率、應收帳款週轉率、業外損益佔營收比率等亦影響評分，但整體風險低，故評分偏高。,聚鼎公司2026Q2財務狀況整體穩健，獲利能力強，資本結構良好，短期及長期償債能力均優於一般標準。最大風險為現金流量比為負值，顯示營運產生現金流不足，需警惕未來現金流壓力。建議公司加強營運現金流管理，優化存貨及應收帳款周轉效率，提升現金流入能力，以降低現金流風險並鞏固財務健康。
2026Q2,3416,融程,2,,,,,,,86,綠燈,"公司整體財務結構穩健，流動比、負債總額 (%)、股東權益總額 (%)、長期負債 (%) 均優於標準，顯示資本結構健康，抗風險能力強。
獲利能力指標如營業毛利率、稅後淨利率、每股稅後盈餘年成長率、股東權益報酬率、營業利益率等均表現優異，顯示公司本業及整體獲利能力強。
現金流量比為23.53%，雖屬於一般水準，但現金比、流動比等指標均達佳等，短期資金壓力不大。
速動比為97.38，低於標準，顯示速動資產對流動負債的覆蓋率略顯不足，需加強短期償債能力。",本次評分為86分，主要因大部分指標表現優異，僅速動比一項落於▼區間而扣分，其餘關鍵指標如流動比、現金流量比、利息保障倍數、負債總額 (%)、現金比等皆屬佳等，整體財務風險低。,融程公司2026Q2整體財務結構穩健，獲利能力強，資本結構佳，短期償債能力普遍良好。然而，速動比為97.38，低於100%，顯示速動資產（如現金、應收帳款）對流動負債的覆蓋率略顯不足，若遇資金緊縮或突發大額支出，短期償債壓力可能上升。建議公司強化速動資產管理，適度提升現金水位或減少短期負債，以進一步降低短期流動風險，鞏固財務安全。
2026Q2,6237,驊訊,2,,,,,,,69,黃燈,"公司流動比、速動比、現金比、現金流量比、負債總額 (%)、股東權益總額 (%)等指標均遠高於標準，顯示資本結構與短期償債能力極佳。
利息保障倍數為負值，且營業利益率、稅後淨利率、資產報酬率、股東權益報酬率等獲利能力指標皆為負數或低於標準，顯示公司本期營運獲利能力極弱，需高度關注。
應收帳款週轉率、固定資產週轉率、存貨週轉率皆高於標準，資金回收與資產運用效率良好，營運效率無明顯風險。
應付帳款 (%)、業外損益佔營收比率、存貨佔營收比率等部分指標落於O或▼區間，需注意資金運用與業外損益波動，但整體風險尚可控。",本期評分69分，主要扣分來自獲利能力指標（稅後淨利率、營業利益率、資產報酬率、股東權益報酬率、利息保障倍數、應付帳款 (%)），這些指標皆落於▼區間，顯示公司營運獲利能力極弱，且利息保障倍數為負值，財務壓力大。流動性與資本結構指標表現優異，抵銷部分風險，因此整體評分維持在黃燈區間。,驊訊公司2026Q2財務結構穩健，流動性與資本結構指標均遠高於標準，短期與長期償債能力極佳，現金充足，資金回收效率高。然而，公司本期獲利能力極弱，稅後淨利率、營業利益率、資產報酬率、股東權益報酬率皆為負值，且利息保障倍數為負數，顯示營業利益不足以支付利息，財務壓力大。最重要的風險在於營運獲利能力與利息保障，建議公司積極改善營運效率、提升獲利能力，並檢視成本結構與業外損益，避免持續虧損導致資本侵蝕與財務風險擴大。
2026Q2,3013,晟銘,2,,,,,,,97,綠燈,"晟銘公司在流動比、現金流量比、速動比、現金比等短期償債能力指標皆達到最佳標準，顯示短期財務安全性極高。
利息保障倍數、負債總額 (%)、長期負債 (%) 等槓桿與償債指標皆落於最佳區間，財務結構穩健，無過度負債風險。
獲利能力指標如營業毛利率、稅後淨利率、股東權益報酬率、資產報酬率、營業利益率等均達最佳標準，顯示公司獲利能力強。
應收帳款週轉率與應收帳款佔營收比率屬於O區間，雖無明顯風險但需持續追蹤收款效率，存貨佔營收比率亦略低於最佳標準。",本期評分為97分，主要因為應收帳款週轉率、應收帳款佔營收比率、存貨佔營收比率三項指標落在O區間，各扣1分，其餘指標皆為最佳標準，整體財務表現非常優異。,晟銘公司2026Q2整體財務狀況極為穩健，短期與長期償債能力皆強，獲利能力突出，現金流量充足。唯一需注意的是應收帳款週轉率及應收帳款佔營收比率略低於最佳標準，代表資金回收速度尚可但有改善空間。建議公司持續強化收款管理，提升資金回收效率，以維持財務健康。其他指標皆無明顯風險，整體風險極低。
2026Q2,6967,汎瑋,2,,,,,,,89,綠燈,"汎瑋公司在營業毛利率、稅後淨利率、每股稅後盈餘年成長率、存貨週轉率、流動比、總資產週轉率、利息保障倍數、股東權益報酬率、營業利益率、應付帳款、流動負債、負債總額、股東權益總額、資產報酬率、速動比、業外損益佔營收比率、現金比、固定資產週轉率等多項指標均達到或優於一般標準，顯示公司整體財務體質健全。
現金流量比僅2.07%，明顯低於標準，顯示雖然帳上現金充足，但營運現金流入不足，短期現金流動性存在壓力。
應收帳款週轉率及應收帳款佔營收比率表現中等，回收速度尚可但有進步空間，建議持續加強應收帳款管理。
存貨佔營收比率落在O區間，存貨水準偏低，需關注是否會影響出貨能力或產生缺貨風險。",本期評分89分，主因絕大多數指標表現優異，僅現金流量比一項落於▼區間，造成扣分，其餘如存貨佔營收比率、應收帳款週轉率、應收帳款佔營收比率等指標落在O區間，僅小幅扣分，整體財務風險低。,雖然汎瑋公司大部分財務指標表現亮眼，短期及長期償債能力極強，獲利能力與資產運用效率均屬優異，但現金流量比極低（2.07%），顯示公司營運產生的現金流入明顯不足，若遇到突發資金需求或外部融資困難，可能面臨現金流斷鏈風險。建議公司應強化營運現金流管理，檢討營收與收款流程，提升現金流入，同時持續關注存貨與應收帳款管理，確保營運資金安全。
2026Q2,6168,宏齊,2,,,,,,,87,綠燈,"公司多數關鍵指標（如流動比、現金流量比、利息保障倍數、負債總額 (%)、速動比、現金比）皆獲得最高標記（☆），顯示短期及長期償債能力極佳，財務結構穩健。
營業毛利率、稅後淨利率、每股稅後盈餘年成長率等獲利指標表現優異，顯示公司營運具備良好獲利基礎。
營業利益率及股東權益報酬率分別落於▼區間，顯示本業獲利能力及股東報酬偏低，是目前主要扣分來源。
存貨週轉率、總資產週轉率、業外損益佔營收比率等指標落於O區間，尚屬中等水準，仍有提升空間。",本次評分87分，主因多數關鍵指標如流動比、現金流量比、利息保障倍數、負債總額 (%)、速動比、現金比等皆表現優異，無關鍵▼，顯示公司財務結構穩健且償債能力強；但因營業利益率與股東權益報酬率落於▼，為主要扣分來源，其他如存貨週轉率、總資產週轉率等O級指標亦略有影響，整體仍維持高分與綠燈。,宏齊公司2026Q2整體財務結構穩健，短期與長期償債能力極佳，現金充裕且負債比率低，顯示資金運用安全。但需特別關注本業獲利能力偏弱（營業利益率1.23%）、股東權益報酬率偏低（3.86%），未來應強化本業經營效率與提升股東報酬。此外，存貨週轉率及總資產週轉率雖屬中等，建議持續優化營運效率，避免資產閒置，並留意業外損益波動對獲利的影響。
2026Q2,2478,大毅,2,,,,,,,100,綠燈,"本期僅提供「每股稅後盈餘(元)」數值，其他財務指標均未提供，故無法進行全面性風險判斷。
評分與燈號依系統預計算結果，未出現關鍵▼項，代表無重大財務風險。
關鍵指標如流動比、現金流量比、利息保障倍數、負債總額 (%)、速動比、現金比均未提供數值，評分未因這些指標扣分。
評分100分，綠燈，代表現有資料下公司財務風險極低，但此評分僅基於已提供的指標。",本期評分為100分，主要因僅有「每股稅後盈餘(元)」數值，且此指標無標準值，不影響評分。所有關鍵指標均未提供數值，無扣分情形，故系統自動給予最高分。此評分僅代表現有資料下的風險狀況，並不代表公司整體財務健全。,大毅公司2026Q2僅揭露「每股稅後盈餘(元)」1.77元，其他重要財務指標均未提供，無法針對流動性、償債能力、獲利能力等進行完整風險分析。雖系統評分為100分、綠燈，代表現有資料下無重大財務風險，但建議公司應完整揭露各項關鍵財務指標，尤其是流動比、現金流量比、負債比率等，以利外部投資人及利害關係人進行全面性評估，降低資訊不透明所帶來的潛在風險。
2026Q2,2357,華碩,2,,,,,,,52,黃燈,"現金流量比、速動比、現金比皆落入風險區，顯示短期現金償債能力不足，需特別注意現金流風險。
負債總額 (%)、流動負債 (%)、股東權益總額 (%)均落入風險區，反映資本結構偏弱，負債壓力大。
獲利能力指標（稅後淨利率、股東權益報酬率、資產報酬率、固定資產週轉率等）表現優良，營運效率佳。
營業毛利率、流動比、存貨週轉率等多項指標屬於一般水準，需持續改善以提升整體財務健康度。",本期評分為52分，主要因現金流量比、速動比、現金比、負債總額 (%)、股東權益總額 (%)等指標落入風險區，造成扣分。雖然獲利能力及資產運用效率表現優異，但資本結構與現金流風險明顯，整體評分僅達黃燈。,華碩公司2026Q2財務整體評分為黃燈，主要風險來自現金流量比、速動比及現金比皆低於標準，顯示短期現金償債能力不足，若遇突發資金需求或外部環境變動，可能面臨流動性壓力。此外，負債總額 (%)及流動負債 (%)偏高，資本結構較弱，需積極改善。建議強化現金流管理、提升速動資產比率，並適度降低負債，增強資本結構，以提升整體財務安全性。
2026Q2,6263,普萊德,2,,,,,,,98,綠燈,"獲利能力極強：營業毛利率、稅後淨利率、營業利益率、股東權益報酬率、資產報酬率等核心獲利指標均大幅優於一般標準，顯示公司本業與整體獲利能力極佳。
財務結構穩健：流動比、速動比、現金比、現金流量比、負債總額 (%)、股東權益總額 (%) 均屬優異，短期與長期償債能力極強，資本結構健康。
資產運用效率高：固定資產週轉率、總資產週轉率、存貨週轉率、應收帳款週轉率等指標表現良好，資產與資金運用效率高。
風險指標無明顯缺失：所有關鍵風險指標（如流動比、現金流量比、利息保障倍數、負債總額 (%)、速動比、現金比）均獲最高等級，無明顯財務風險。",本次評分為98分，主要因所有關鍵財務指標均達最高標準，僅存貨週轉率與總資產週轉率為一般水準（O），各扣1分，無任何▼（不良）項目，整體財務結構與獲利能力極為優異，評分極高。,普萊德公司2026Q2整體財務狀況極為健康，所有關鍵指標均達優良水準，短期與長期償債能力極強，現金流充裕，獲利能力與資產運用效率均屬產業領先。主要風險僅在於存貨週轉率與總資產週轉率略低於頂標，建議持續優化存貨管理與資產配置，進一步提升資產運用效率。整體而言，財務風險極低，建議維持現有穩健經營策略，並持續關注營運效率提升空間。
2026Q2,8050,廣積,2,,,,,,,82,綠燈,"關鍵財務結構指標（流動比、負債總額 (%)、速動比、現金比）均達優良或良好標準，顯示短期與長期償債能力強，財務結構穩健。
獲利能力指標（營業毛利率、稅後淨利率、每股稅後盈餘年成長率、資產報酬率）表現優異，顯示公司營運成效佳。
現金流量比為唯一▼項，顯示營運現金流異常偏低，需特別注意營運現金流的管理與改善。
其他營運效率指標（存貨週轉率、存貨佔營收比率、總資產週轉率）表現普通，雖未達優良標準但尚屬可接受，無立即重大風險。",本次評分為82分，主要因大多數關鍵指標（如流動比、現金比、負債總額 (%)、利息保障倍數等）均達優良標準，僅現金流量比為▼，因此扣除部分分數，總體維持高分，燈號為綠燈，顯示公司整體財務風險低。,廣積公司2026Q2整體財務結構穩健，短期與長期償債能力均強，且獲利能力指標表現亮眼。然而，現金流量比為-111.1%，遠低於標準，顯示營運現金流嚴重不足，可能因應收帳款回收時點、存貨增加或營運現金管理不善所致。建議公司加強現金流管理，檢視營運現金流來源與用途，並持續控管存貨與應收帳款，以降低短期現金壓力，確保財務穩健。
2026Q2,6414,樺漢,2,,,,,,,62,黃燈,"現金流量比、速動比、負債總額 (%) 均出現▼，顯示短期現金流及償債能力有明顯壓力。
股東權益總額 (%) 亦為▼，資本結構穩健度不足，需注意資本安全性。
獲利與資產運用效率多項指標達☆，如每股稅後盈餘年成長率、存貨週轉率、利息保障倍數、資產報酬率等，反映公司營運效率佳。
流動比、現金比、流動負債 (%) 等指標雖未達☆，但仍在合理範圍，整體短期償債能力尚可，但需持續改善現金流。",本期評分為62分，主要因現金流量比、速動比、負債總額 (%)、股東權益總額 (%) 等指標出現▼，造成扣分。其他獲利與效率指標表現優異，部分流動性指標在合理範圍，整體呈現營運效率佳但資本結構與現金流有明顯風險，故評為黃燈。,樺漢公司2026Q2財報顯示，雖然獲利能力與資產運用效率表現突出，但現金流量比、速動比、負債總額 (%)、股東權益總額 (%) 等重要指標均顯示財務風險。最大風險在於現金流不足與高負債結構，若營運環境惡化，短期償債壓力將大幅提升。建議公司加強現金流管理，減少負債比重，提升股東權益占比，並持續優化資本結構，以降低財務風險，確保營運穩健。
2026Q2,5228,鈺鎧,2,,,,,,,84,綠燈,"公司多數關鍵指標（如流動比、現金流量比、利息保障倍數、現金比）均達到最高標準，顯示短期償債能力、現金流量及利息償付能力優異。
獲利能力指標（營業毛利率、稅後淨利率、股東權益報酬率、營業利益率、資產報酬率）皆為最高標記，顯示公司獲利能力及資本運用效率極佳。
資本結構指標（負債總額%、股東權益總額%、長期負債%）雖未達最高標準，但仍在一般標準區間，資本結構尚屬穩健。
唯一風險指標為速動比（▼），顯示速動資產對流動負債略低，短期資金調度需注意，但其他現金相關指標皆為最高標記，整體風險有限。",本期評分為84分，主要因多數指標皆為最高標記（☆），僅速動比為▼扣分，資本結構指標（負債總額%、股東權益總額%、長期負債%、固定資產週轉率、總資產週轉率、應付帳款%）為O標記，略有扣分。整體表現優異，僅速動比需改善。,鈺鎧公司2026Q2整體財務狀況優良，短期償債能力、現金流量及獲利能力皆處於高標準，資本結構穩健。唯一需注意的是速動比低於標準，代表速動資產（如現金、應收帳款）對流動負債略顯不足，短期資金調度可能受限。建議公司強化速動資產結構，提升速動比至標準以上，以降低短期流動性風險，確保資金運用彈性。
2026Q2,3015,全漢,2,,,,,,,74,綠燈,"公司流動比、速動比、現金比、負債總額 (%) 等指標均優於標準，顯示短期償債能力與資本結構極為穩健。
利息保障倍數與固定資產週轉率均遠高於標準，反映公司財務安全性及資產運用效率良好。
現金流量比為負值，顯示營運現金流量不足，是本期最重要的財務風險。
營業利益率、股東權益報酬率、業外損益佔營收比率皆低於標準，獲利能力與業外損益波動需改善。",本期評分為74分，主要扣分項目為現金流量比（▼）、營業利益率（▼）、股東權益報酬率（▼）、業外損益佔營收比率（▼），其餘關鍵指標表現優異，整體財務結構穩健，因此獲得綠燈評等。,全漢公司2026Q2財務結構穩健，短期與長期償債能力皆優於標準，資產運用效率良好，資本結構健康。然而，現金流量比為負值，顯示營運現金流量嚴重不足，若未改善將影響未來資金調度與營運穩定性。此外，營業利益率與股東權益報酬率偏低，業外損益佔營收比率偏高，需強化本業獲利能力並降低業外損益波動。建議公司加強現金流量管理，提升營業獲利，並審慎控管業外項目，以確保財務安全與長期成長。
2026Q2,5269,祥碩,2,,,,,,,90,綠燈,"公司在流動比、速動比、現金比、現金流量比、負債總額 (%)、利息保障倍數等關鍵指標均遠優於標準，顯示短期與長期償債能力極強，財務結構極為穩健。
獲利能力指標如營業毛利率、稅後淨利率、每股稅後盈餘年成長率、營業利益率、股東權益報酬率、資產報酬率皆大幅優於一般標準，顯示公司具備極佳的獲利與成長動能。
總資產週轉率偏低（▼），資產運用效率需提升，可能有資產閒置或資本配置不佳的疑慮。
業外損益佔營收比率大幅超標（▼），顯示非本業損益波動對整體獲利有重大影響，需特別留意業外因素對財報的干擾。",本期評分90分，主要因大部分關鍵指標表現優異，僅總資產週轉率及業外損益佔營收比率兩項出現▼，各扣5分，其他指標均符合或優於標準，綜合評價為綠燈。,祥碩公司2026Q2財務狀況整體穩健，短期與長期償債能力極強，資本結構健康，獲利能力優異，現金流充裕，營運風險極低。主要風險在於總資產週轉率偏低，顯示資產運用效率有待提升，建議檢視資本配置與資產活化策略；此外，業外損益佔營收比率遠高於標準，需加強控管業外損益波動，避免非本業因素過度影響整體財報表現。建議公司持續強化本業經營，提升資產運用效率，並審慎管理業外損益，降低未來潛在財務風險。
2026Q2,6415,矽力-KY,2,,,,,,,82,綠燈,"公司多數關鍵指標（如流動比、速動比、現金比、負債總額(%)、利息保障倍數）皆顯示財務結構穩健，短中長期償債能力極強。
獲利能力指標（營業毛利率、稅後淨利率、每股稅後盈餘年成長率、股東權益報酬率、資產報酬率等）均優於一般標準，顯示公司營運績效亮眼。
現金流量比為負值，顯示營運現金流出現壓力，需特別關注現金流穩定性。
業外損益佔營收比率偏高，應付帳款比例偏低，顯示獲利來源結構及資金運用方式需持續觀察。",本次評分為82分，主要因大部分指標皆達到☆標準，顯示公司財務體質優異，但因現金流量比、業外損益佔營收比率、應付帳款(%)等指標出現▼，因此扣除部分分數，最主要的扣分來自現金流量比的重大異常。,矽力-KY公司2026Q2整體財務結構穩健，獲利能力與資本結構均優於產業標準，短中長期償債能力極強。然而，現金流量比為-94.89，代表營運現金流出現重大壓力，若持續惡化，將影響公司資金調度與營運穩定性。此外，業外損益佔營收比率偏高，獲利結構過度仰賴非本業項目，需強化本業獲利來源。建議公司應優先檢視營運現金流異常原因，優化營運資金管理，並降低業外損益對整體獲利的影響，以確保長期穩健發展。
2026Q2,5236,凌陽,2,,,,,,,90,綠燈,"凌陽公司多數關鍵指標（如流動比、速動比、現金比、負債總額 (%)、利息保障倍數）皆顯著優於標準，顯示資本結構與償債能力極佳。
獲利能力指標（營業毛利率、稅後淨利率、股東權益報酬率、資產報酬率、營業利益率）均遠高於標準，顯示公司營運效率與獲利能力突出。
現金流量比為唯一▼標記，顯示現金流量不足，短期現金流動性有重大風險，需特別注意。
資產與固定資產週轉率、應收帳款週轉率、存貨佔營收比率等營運效率指標表現良好，資金回收與資產利用效率高。",本期評分為90分，主要因多數指標皆達最佳標準，僅現金流量比為▼標記，扣除部分分數。其他關鍵指標如流動比、速動比、現金比、負債總額 (%)、利息保障倍數均為☆，整體財務結構穩健，僅現金流量需改善。,凌陽公司2026Q2整體財務結構極為穩健，獲利能力與資本結構皆優於一般標準，短期與長期償債能力極佳。唯一重大風險在於現金流量比為負值，顯示營業活動產生的現金流量嚴重不足，若未改善，將影響公司短期現金償債能力。建議公司加強營運現金流管理，提升營業活動現金流入，避免未來資金緊張，確保財務安全。
2026Q2,3338,泰碩,2,,,,,,,67,黃燈,"現金流量比為負值（-19.09），顯示營業現金流極度不足，是本期最重要的財務風險。
獲利能力多項指標不佳，包括稅後淨利率、每股稅後盈餘年成長率、營業利益率、股東權益報酬率、資產報酬率均低於標準，顯示獲利衰退。
償債能力指標表現良好，流動比、速動比、現金比、利息保障倍數均高於標準，短期償債壓力低。
資產運用效率及財務結構穩健，固定資產週轉率、總資產週轉率、負債總額 (%)、股東權益總額 (%)均優於標準。",本期評分為67分，主要因現金流量比為▼（扣分），獲利能力相關指標多為▼（稅後淨利率、每股稅後盈餘年成長率、營業利益率、股東權益報酬率、資產報酬率），導致評分偏低。償債能力與資產運用效率表現佳，部分指標加分，綜合判斷為黃燈。,泰碩公司2026Q2財務結構穩健，短期償債能力強，資產運用效率高。然而，營業現金流量比為負值，顯示營運產生現金能力極度不足，這是本期最大風險。獲利能力明顯衰退，多項獲利指標低於標準，需積極改善營運效率與成本控制。建議公司優先提升營業現金流，並加強獲利能力，避免現金流斷鏈與獲利持續衰退對未來營運造成衝擊。
2026Q2,6282,康舒,2,,,,,,,53,黃燈,"流動比、現金比、應收帳款週轉率等指標顯示公司短期流動性良好，資金運用彈性佳。
現金流量比、速動比、利息保障倍數等指標皆為▼，顯示營運現金流不足、速動資產偏低、償付利息能力弱，短期償債風險高。
營業利益率、稅後淨利率、股東權益報酬率、資產報酬率皆偏低，獲利能力明顯不足，需加強營運效率與獲利結構。
負債總額比率偏高（O），但長期負債、流動負債皆在健康範圍，整體財務結構尚可，仍需留意槓桿風險。",本次評分為53分，主要因公司流動性指標表現良好（如流動比、現金比、應收帳款週轉率等），但現金流量比、速動比、利息保障倍數等關鍵指標皆為▼，且獲利能力相關指標多為▼，導致扣分較多，整體財務風險偏高，評為黃燈。,康舒公司2026Q2財務結構雖具備良好的流動性與資產運用效率，但營運現金流量比、速動比、利息保障倍數皆偏低，顯示短期償債能力與現金流動性存在顯著風險。獲利能力指標亦明顯不足，稅後淨利率、營業利益率、股東權益報酬率、資產報酬率皆遠低於標準，營運效率需大幅提升。建議公司加強營運現金流管理，提升獲利結構，控制成本與費用，並積極改善資本結構以降低槓桿風險，確保未來財務穩健。
2026Q2,4967,TeamGroup,2,,,,,,,62,黃燈,"公司獲利能力極強，營業毛利率、稅後淨利率、股東權益報酬率、資產報酬率等多項指標皆遠高於標準。
流動性風險明顯，現金流量比、速動比、現金比皆低於標準，顯示現金償債能力不足。
存貨管理有待改善，存貨週轉率與存貨佔營收比率皆落於▼區間，庫存積壓風險需關注。
負債結構尚可，流動比與利息保障倍數皆佳，但負債總額與股東權益總額落於O標準，資本結構需持續優化。",本期評分為62分，主要扣分來自現金流量比、速動比、現金比三項關鍵流動性指標，以及存貨週轉率、存貨佔營收比率兩項庫存管理指標，部分負債結構指標落於O標準亦略有扣分。整體獲利能力極佳，但流動性與庫存風險不容忽視。,TeamGroup公司2026Q2財報顯示，雖然獲利能力極為突出，資產及股東報酬率均表現優異，但現金流量比、速動比、現金比皆落於▼標準，顯示公司短期現金償債能力不足，流動性風險高。存貨週轉率低且存貨佔營收比率偏高，庫存積壓可能影響營運效率。建議公司加強現金流管理，提升速動資產比重，並優化存貨結構與銷售策略，降低流動性及庫存風險，確保營運穩健。
2026Q2,3088,艾訊,2,,,,,,,87,綠燈,"公司大部分關鍵財務指標（如流動比、利息保障倍數、負債總額 (%)、現金比等）均達到或優於最高標準，顯示財務結構穩健，短期與長期償債能力俱佳。
獲利能力指標（營業毛利率、稅後淨利率、股東權益報酬率、資產報酬率、營業利益率等）表現突出，顯示本業及整體營運效益良好。
現金流量比為-31.26，明顯低於標準且為負值，為唯一關鍵▼，顯示營運現金流出現壓力，需密切關注。
資產運用效率與資金回收能力（總資產週轉率、應收帳款週轉率、固定資產週轉率等）均屬優異，營運效率高，壞帳與呆帳風險低。",本次評分87分，主因公司多數指標達到最高標準，僅現金流量比未達標且為負值，為扣分主因，其餘如存貨週轉率、存貨佔營收比率、速動比等為一般水準，略有扣分，但整體風險極低，評等為綠燈。,艾訊公司2026Q2整體財務結構穩健，獲利能力與資產運用效率均表現優異，短期與長期償債能力充足，負債比率低，股東權益比率高，顯示抗風險能力強。唯一需特別留意的是現金流量比為-31.26，顯示營運現金流出現短缺，可能因營收成長快速造成營運資金需求大增，或資金調度安排尚需優化。建議公司強化營運現金流管理，檢視應收帳款與存貨週轉，避免短期資金壓力影響整體財務穩健度。
2026Q2,3501,維熹,2,,,,,,,68,黃燈,"流動比、速動比、現金比、負債總額 (%)、流動負債 (%)、長期負債 (%)、股東權益總額 (%)等指標均遠優於標準，顯示短期及長期償債能力極佳，財務結構穩健。
現金流量比為 -52.17，遠低於標準，是關鍵風險指標，顯示營運現金流極為不足，需高度關注。
存貨週轉率、存貨佔營收比率、每股稅後盈餘年成長率、股東權益報酬率等獲利與營運效率指標皆低於標準，反映獲利能力與資產運用效率需改善。
大部分指標屬於一般或優良標準，但部分獲利與營運效率指標落後，導致整體評分僅為黃燈。",本次評分為68分，主因流動性、現金、償債能力等指標表現優異，但因現金流量比（▼，重大扣分）、存貨週轉率（▼）、存貨佔營收比率（▼）、每股稅後盈餘年成長率（▼）、股東權益報酬率（▼）等多項獲利與營運效率指標低於標準，故扣分較多，最終僅獲黃燈。,維熹公司2026Q2財務結構穩健，短期與長期償債能力極佳，現金與資本結構均屬優良，整體財務安全性高。然而，最主要風險在於現金流量比嚴重低於標準，顯示營運現金流極度不足，若未改善將影響未來資金周轉與營運穩定。此外，存貨週轉率偏低、存貨佔營收比率過高，反映庫存管理效率不佳，可能造成資金積壓與報廢風險。建議公司加強現金流管理、優化存貨結構、提升營運效率，並積極改善獲利能力，以降低財務風險並提升評分。
2026Q2,2436,偉詮電,2,,,,,,,84,綠燈,"多數財務指標均達到或超越一般標準，顯示公司整體財務體質穩健。
關鍵指標如流動比、速動比、現金比、利息保障倍數、負債總額 (%) 均為優秀，短期及長期償債能力極佳。
現金流量比出現▼，顯示營運現金流量偏弱，需注意現金流量管理。
業外損益佔營收比率偏高，可能有非經常性損益風險，需進一步分析來源及持續性。",本期評分為84分，主要因多數指標均達到最高標準（☆），僅現金流量比與業外損益佔營收比率出現▼，分數略有扣減。整體財務結構穩健，獲利能力強，僅現金流量與業外損益需關注。,偉詮電2026Q2財務狀況整體穩健，短期及長期償債能力優異，獲利能力及資產運用效率均屬業界頂尖。最重要的風險為現金流量比偏低，顯示營運現金流量不足以覆蓋流動負債，建議加強現金流量管理並提升營運現金流入。同時，業外損益佔營收比率過高，需審慎檢視業外收入來源及持續性，避免未來出現非經常性損益大幅波動。建議公司持續提升營運現金流量，並降低業外損益對獲利的依賴，以維持長期穩健發展。
2026Q2,3588,通嘉,2,,,,,,,89,綠燈,"公司流動比、速動比、現金比等短期償債能力指標遠高於標準，顯示資金流動性極為充裕。
負債總額、流動負債、長期負債皆處於極低水準，財務結構穩健，風險極低。
獲利能力指標（營業毛利率、稅後淨利率、營業利益率、資產報酬率）均優於標準，且每股盈餘成長率極高，顯示公司成長性與獲利性兼具。
存貨週轉率偏低為唯一明顯弱點，顯示存貨管理效率需加強，可能帶來存貨積壓風險。",本期評分為89分，主要因大部分指標皆達到「☆」標準，短期與長期償債能力、現金流、獲利能力均表現優異。唯一扣分項目為存貨週轉率（▼），以及現金流量比、存貨佔營收比率、總資產週轉率、應付帳款、股東權益報酬率等部分指標僅達「O」標準，整體風險極低，評為綠燈。,通嘉公司2026Q2整體財務結構穩健，流動性與償債能力極強，負債比例極低，獲利能力與成長性表現優異。最主要風險在於存貨週轉率偏低，顯示存貨銷售速度不佳，可能造成資金積壓或存貨過時。建議公司強化存貨管理、提升銷售效率，以降低存貨相關風險，進一步提升整體經營效率。
2026Q2,6579,研揚,2,,,,,,,83,綠燈,"研揚公司多數關鍵指標如流動比、利息保障倍數、負債總額 (%)、速動比、現金比均達到最高標準，顯示資本結構穩健、短期及長期償債能力強。
現金流量比為唯一關鍵▼項，顯示營業現金流量不足，需注意短期現金流風險。
營業毛利率、稅後淨利率、每股盈餘年成長率、資產報酬率等獲利與成長指標均優於標準，展現良好獲利及成長能力。
存貨週轉率、存貨佔營收比率、業外損益佔營收比率等部分指標落於中等或較高區間，需持續關注庫存管理與業外損益波動。",本次評分83分，主要因絕大多數關鍵指標皆符合或優於標準，僅現金流量比為▼，造成部分扣分。存貨週轉率、存貨佔營收比率、業外損益佔營收比率等亦落於中等標準，略有扣分。整體評分反映公司財務結構穩健，僅現金流量需特別注意。,研揚公司2026Q2整體財務結構穩健，流動比、速動比、現金比、負債總額 (%)、股東權益總額 (%)等皆顯示資本充足、償債能力強，營業獲利與成長性亦表現優異。最主要風險在於現金流量比為負值，代表營業現金流入不足，若持續下去可能影響短期現金償債能力。建議公司加強營業現金流管理，提升營運現金流入，並持續關注庫存管理與業外損益波動，以維持財務健康。
2026Q2,6818,連騰,2,,,,,,,72,綠燈,"流動比與速動比均達到普通或優良水準，顯示公司短期償債能力尚可。
負債總額 (%) 及流動負債 (%) 均高於標準，顯示財務槓桿及短期負債壓力偏高。
現金比遠低於標準，現金水位偏低，流動性風險需特別注意。
長期負債 (%) 極低，資本結構中長期負債風險極小，結構穩健。",本期評分72分，主要因流動比、速動比、長期負債 (%) 表現良好，但因負債總額 (%)、流動負債 (%)、現金比、股東權益總額 (%) 均未達標，分數受到扣減。關鍵風險為負債比率偏高及現金水位過低。,連騰公司2026Q2財務結構呈現短期償債能力尚可，但負債總額及流動負債比率偏高，顯示財務槓桿壓力大，且現金比僅9.62%，現金水位明顯不足，流動性風險需高度關注。建議公司強化現金流管理，適度降低負債比率，提升資本結構穩健度，以降低財務風險並提升長期競爭力。
2026Q2,4919,新唐,2,,,,,,,63,黃燈,"新唐公司在流動比、現金比、固定資產週轉率等短期償債能力與資產運用效率指標表現優異，顯示資金調度與資產運用無虞。
現金流量比與利息保障倍數均為關鍵▼指標，顯示現金流量與償付利息能力不足，是主要財務風險來源。
公司獲利能力指標（如稅後淨利率、營業利益率、股東權益報酬率、資產報酬率）皆為負值，反映本期營運虧損，需特別留意未來改善。
資本結構健全，負債總額、流動負債、長期負債等皆屬低檔，顯示財務槓桿風險低，但主營運獲利能力需加強。",本期評分63分，主要因現金流量比、利息保障倍數兩項關鍵指標為▼，以及多項獲利能力指標（如稅後淨利率、營業利益率、股東權益報酬率、資產報酬率）表現不佳而扣分，雖然短期償債能力與資本結構良好，但營運獲利能力及現金流量仍需加強，整體風險屬中等。,新唐公司2026Q2整體財務結構穩健，短期償債能力與現金水位充足，資本結構亦屬健康。然而，現金流量比與利息保障倍數皆顯示現金流與利息償付能力不足，且本期營運與獲利能力指標多為負值，顯示公司正面臨營運虧損與現金流壓力。建議公司加強營運管理、提升獲利能力，並強化現金流量控管，避免資金鏈緊張，確保未來財務穩健發展。
2026Q2,6498,久禾光,2,,,,,,,84,綠燈,"久禾光公司在流動比、速動比、現金比等短期償債能力指標均大幅優於標準，顯示公司短期財務結構極為穩健。
獲利能力指標如營業毛利率、稅後淨利率、營業利益率、每股盈餘成長率、股東權益報酬率等皆顯著高於標準，反映本業及整體獲利能力強。
負債總額、長期負債、流動負債等槓桿指標均處於安全範圍，資本結構穩健，財務風險低。
主要風險來自現金流量比（18.08%），低於標準，顯示營運現金流入偏弱，需關注現金流穩定性；存貨佔營收比率過低（4.54%）亦需留意供貨及產能調整風險。",本期評分為84分，主要因現金流量比低於標準（▼，扣分）、存貨佔營收比率偏低（▼，扣分），其餘關鍵指標如流動比、速動比、現金比、利息保障倍數、負債總額等皆表現優異，綜合評分仍屬高檔，維持綠燈。,久禾光公司2026Q2整體財務結構穩健，短期及長期償債能力極強，獲利能力與資產運用效率皆優於產業標準。最主要的風險在於現金流量比低於標準，顯示營運現金流入不足，若營收或收款出現波動，可能影響短期現金調度。建議公司強化現金流管理，優化營運資金週轉，並持續監控存貨水位，避免因存貨過低影響供貨能力或產能調整彈性。
2026Q2,6922,宸耀,2,,,,,,,86,綠燈,"公司獲利能力極佳，營業毛利率、稅後淨利率、股東權益報酬率、資產報酬率等多項指標均高於標準。
短期償債能力整體良好，流動比、現金流量比、現金比均屬於高標，但速動比低於標準，需注意速動資產提升。
資金回收效率高，應收帳款週轉率及應收帳款佔營收比率均優於標準，壞帳風險低。
資本結構略偏高負債，負債總額 (%)、股東權益總額 (%) 均落在O區間，需持續優化資本結構，降低財務風險。",本期評分為86分，主要扣分項目為速動比(▼)及資本結構相關指標(負債總額、股東權益總額均為O)，其餘關鍵指標均達到高標，整體財務狀況穩健。,宸耀公司2026Q2財務狀況整體穩健，獲利能力與資金流動性均優於產業標準，短期償債能力強，現金流充足。最主要的風險在於速動比低於標準，顯示速動資產（如現金、應收帳款）對流動負債的覆蓋率略不足，若遇突發資金需求可能產生壓力。建議公司持續提升速動資產比例，並優化資本結構，降低負債比率，以進一步強化財務安全性。
2026Q2,2489,瑞軒科技,2,,,,,,,75,綠燈,"短期償債能力強：流動比、速動比、現金比皆高於標準，顯示公司短期資金壓力低。
現金流量風險需注意：現金流量比為負值，顯示營運現金流出現問題，需密切關注。
本業獲利能力偏弱：營業毛利率、營業利益率均低於標準，反映本業經營效率需改善。
資本結構穩健：負債總額比例低、股東權益總額高，顯示公司財務結構良好，風險承受度高。",本期評分為75分，主要因短期償債能力（流動比、速動比、現金比）與資產運用效率（總資產週轉率、固定資產週轉率）表現優異，但因本業獲利能力（營業毛利率、營業利益率、股東權益報酬率）偏低，以及現金流量比出現明顯負值，導致部分指標扣分，故評分未能達到更高等級。,瑞軒科技2026Q2整體財務結構穩健，短期償債能力強，資產運用效率高，資本結構良好。然而，最需關注的風險在於營運現金流量比為-23.45%，顯示公司營運現金流出現明顯短缺，若未能改善，將影響未來資金調度與營運穩定。此外，本業獲利能力偏弱，建議加強成本控管、提升產品附加價值，並積極改善現金流狀況，以降低財務風險，維持長期穩健發展。
2026Q2,6217,中探針,2,,,,,,,36,紅燈,"公司現金流量比、利息保障倍數、負債總額 (%)、速動比等關鍵指標皆為▼，顯示短期及極短期償債能力極弱，現金流入不足，財務壓力大。
營業利益率、稅後淨利率、股東權益報酬率、資產報酬率皆為負值且標記為▼，顯示公司本業及整體獲利能力極差，持續虧損風險高。
股東權益總額 (%) 僅略高於▼標準，資本結構安全性不足，財務槓桿偏高，增加財務風險。
部分指標如存貨週轉率、每股盈餘年成長率、業外損益佔營收比率等表現良好，但無法抵消多項關鍵指標的嚴重扣分，整體評分偏低。",本次評分為36分，主要因現金流量比、利息保障倍數、負債總額 (%)、速動比等關鍵指標皆為▼，且獲利能力相關指標多為負值並標記為▼，造成大量扣分。雖部分營運效率指標表現尚可，但無法彌補財務結構及獲利能力的嚴重不足，故整體評分偏低，燈號為紅燈。,中探針公司2026Q2財務狀況顯示出極高的財務風險，尤其在現金流量、利息保障、速動比及負債比等關鍵指標均低於標準，短期及極短期償債能力不足，現金流入嚴重短缺。公司本業及整體獲利能力皆為負值，持續虧損風險高，資本結構安全性亦不足。建議公司需積極改善現金流量、降低負債比率、提升營業獲利能力，並加強資本結構管理，以降低財務危機發生的可能性。
2026Q2,3563,牧德,2,,,,,,,90,綠燈,"公司在流動比、速動比、現金比、負債總額 (%) 等關鍵指標均遠高於標準，顯示短期及長期償債能力極佳，財務結構穩健。
營業毛利率、稅後淨利率、股東權益報酬率、資產報酬率、營業利益率等獲利指標均達到最佳標準，證明公司獲利能力強。
現金流量比、應收帳款週轉率、總資產週轉率雖落於普通標準，但未達風險區，需持續關注營運資金效率。
唯一▼標記為應收帳款佔營收比率，顯示應收帳款占比偏高，存在回收風險，但其他關鍵指標皆無▼，整體財務風險極低。",本期評分為90分，主要因多數關鍵指標皆達最佳標準，僅現金流量比、應收帳款週轉率、總資產週轉率為普通標準，應收帳款佔營收比率為唯一▼標記，故略有扣分，但整體財務表現優異。,牧德公司2026Q2財務狀況整體表現極佳，短期及長期償債能力強，獲利能力突出，資本結構穩健。唯一需注意的是應收帳款佔營收比率偏高，可能導致資金回收風險，建議加強客戶信用管理及帳款催收，以降低壞帳風險。其他指標均無明顯財務風險，整體評為綠燈，財務安全。
2026Q2,2395,研華,2,,,,,,,88,綠燈,"研華公司多數指標表現優異，特別是在營業毛利率、稅後淨利率、股東權益報酬率、資產報酬率等獲利能力指標均獲得最高評價，顯示公司獲利結構穩健。
流動比、現金比、利息保障倍數、負債總額 (%)、速動比等關鍵短期償債與資本結構指標表現良好，顯示公司資金調度與負債壓力極低。
現金流量比為唯一亮紅燈指標（18.62，低於20%），顯示營運現金流量償債能力偏弱，需持續關注現金流狀況。
存貨週轉率與速動比為次佳（O），尚有提升空間，但目前尚未構成重大風險。",本次評分88分，主要因公司整體財務結構與獲利能力極佳，僅現金流量比為紅燈（▼），扣除部分分數，另存貨週轉率與速動比為O，略有扣分，但不影響總體優異表現。,研華公司2026Q2整體財務狀況穩健，獲利能力、資本結構與短期償債能力均處於優異水準，僅現金流量比偏低，顯示營運現金流量償債能力需加強。建議公司持續優化應收帳款與存貨管理，提升營運現金流入，並審慎控管資金調度，以降低現金流風險，確保未來成長動能與財務安全。
2026Q2,8059,凱碩,2,,,,,,,34,紅燈,"流動比、速動比、現金流量比等短期償債指標表現不佳，顯示公司短期流動性風險高。
利息保障倍數為負，負債總額高達84.65%，顯示財務槓桿過高且無法支付利息，財務壓力極大。
股東權益報酬率、資產報酬率、營業利益率、稅後淨利率皆為負值，反映公司整體獲利能力嚴重不足。
雖部分營運效率指標如固定資產週轉率、存貨週轉率表現優異，但無法彌補財務結構與獲利能力的重大缺失。",本期評分為34分，主要因流動比、利息保障倍數、負債總額 (%)、速動比等關鍵指標皆落入▼區間而大幅扣分，且多項獲利能力指標為負值，反映公司財務結構嚴重失衡，短期與長期償債能力均嚴重不足，整體風險極高。,凱碩公司2026Q2財務結構極為脆弱，短期償債能力指標（流動比、速動比、現金流量比）皆低於標準，顯示現金調度壓力大，隨時可能面臨資金斷裂危機。負債總額高達84.65%，股東權益僅15.35%，財務槓桿過高且自有資本薄弱，抗風險能力極差。利息保障倍數為負，營業利益率、稅後淨利率、資產報酬率皆為負值，核心營運與最終獲利均呈現虧損，長期經營風險極高。建議公司應積極改善資本結構，強化現金流管理，降低負債比重，並提升本業獲利能力，以避免財務危機擴大。
2026Q2,6441,廣錠,2,,,,,,,24,紅燈,"流動比、現金流量比、利息保障倍數、速動比皆為▼，顯示短期及即時償債能力極差，現金流高度緊張。
營業毛利率、營業利益率、稅後淨利率、資產報酬率等獲利指標全面為負，營運虧損嚴重，獲利能力極低。
存貨週轉率、存貨佔營收比率、固定資產週轉率等資產效率指標皆為▼，資產運用效率極差，資金積壓風險高。
雖負債總額、股東權益總額、應收帳款週轉率、業外損益佔營收比率、應收帳款佔營收比率等部分指標符合標準，但無法抵消整體財務結構的嚴重危機。",本期評分24分，主要因流動比、現金流量比、利息保障倍數、速動比等關鍵指標皆為▼，營運獲利能力極差，資產運用效率低，存貨積壓嚴重，導致多項指標扣分，整體財務風險極高。,廣錠公司2026Q2財務狀況極為嚴峻，短期及即時償債能力不足，現金流量為負，營運虧損嚴重，資產運用效率極低，存貨積壓風險高。最重要的風險在於現金流枯竭與營運持續虧損，若無有效改善，將面臨資金斷鏈與營運危機。建議公司加速存貨處理、提升營收與獲利能力、強化現金流管理，並積極檢討成本結構，以降低財務風險。
2026Q2,3171,新洲,2,,,,,,,63,黃燈,"現金流量比、負債總額 (%)、股東權益總額 (%)、流動負債 (%) 等關鍵指標皆出現▼，顯示短期償債及資本結構有明顯風險。
流動比、速動比、現金比、應收帳款週轉率、應收帳款佔營收比率等落於O標準，反映短期流動性與資金回收能力尚可但未達優良。
營業毛利率、稅後淨利率、每股稅後盈餘年成長率、存貨週轉率、利息保障倍數、資產報酬率、固定資產週轉率等多項獲利及效率指標均為☆，公司營運獲利能力強。
長期負債 (%) 遠低於標準，資本結構穩健，但整體負債比率偏高，需注意資本結構風險。",本期評分為63分，主要扣分項目為現金流量比、負債總額 (%)、股東權益總額 (%)、流動負債 (%)等關鍵指標出現▼，反映短期償債能力及資本結構風險。流動比、速動比、現金比等落於O標準亦有部分扣分。獲利與效率指標表現優良，為加分來源。,新洲公司2026Q2整體營運獲利能力及資產運用效率均表現優異，但短期償債能力及資本結構存在明顯風險。現金流量比為負值，顯示營運現金流極度不足，短期流動負債壓力大，負債總額 (%) 及股東權益總額 (%) 均偏離標準，資本結構需強化。建議公司加強現金流管理、降低流動負債比例、提升股東權益，並持續維持高獲利及資產效率，以改善財務風險。
2026Q2,2347,聯強,2,,,,,,,47,紅燈,"現金流量比、現金比、速動比皆明顯低於標準，顯示公司短期流動性極差，現金償債能力不足。
負債總額 (%) 遠高於標準，資本結構極度偏向負債，槓桿風險極高。
營業毛利率、稅後淨利率、營業利益率皆低於標準，獲利能力薄弱，營運效率需提升。
雖有部分指標如資產週轉率、股東權益報酬率、固定資產週轉率等表現優異，但關鍵流動性與資本結構指標嚴重扣分，導致整體評分偏低。",本次評分為47分，主要扣分來自現金流量比、現金比、速動比、負債總額 (%)、股東權益總額 (%)、流動負債 (%)等指標，這些指標皆屬於財務風險關鍵項目，顯示公司流動性與資本結構皆有重大缺陷，雖部分營運效率指標優異，但無法彌補現金與負債結構的嚴重問題，因此評分偏低。,聯強公司2026Q2財務狀況顯示流動性風險極高，現金流量比與現金比皆遠低於標準，速動比亦顯著不足，短期償債能力極弱，若遇資金需求或外部環境變動，可能面臨資金斷鏈危機。此外，負債總額高達70.33%，資本結構嚴重偏向負債，抗風險能力不足。建議公司應積極改善現金流量，提升現金儲備，並降低負債比率，強化資本結構，以降低財務風險，確保營運穩健。
2026Q2,3037,欣興,2,,,,,,,89,綠燈,"欣興公司多數關鍵指標（如流動比、現金流量比、利息保障倍數、速動比、現金比）皆達到最高標準，顯示短期償債能力極佳。
獲利能力與成長性指標（營業毛利率、稅後淨利率、每股稅後盈餘年成長率、股東權益報酬率、資產報酬率、營業利益率）均遠高於標準，反映公司營運績效卓越。
資本結構部分，負債總額 (%) 與股東權益總額 (%) 均落於一般標準區間，雖無明顯風險，但仍需留意資本結構優化。
唯一明顯風險來自業外損益佔營收比率，顯著高於標準，需關注非營業項目對公司整體財務的影響。",評分89分主要因多數關鍵指標皆獲最高標記（☆），僅少數指標如總資產週轉率、應付帳款 (%)、負債總額 (%)、股東權益總額 (%)、固定資產週轉率獲一般標記（O），以及業外損益佔營收比率獲最低標記（▼），因此扣除部分分數。整體表現仍屬優秀。,欣興公司2026Q2財務結構穩健，短期及長期償債能力極佳，獲利與成長性均屬市場領先水準。唯一主要風險為業外損益佔營收比率過高，顯示非營業項目對公司財務影響顯著，建議公司應強化本業營運，審慎評估業外損益來源及其持續性，避免過度依賴非營業收入，提升財務穩定性。
2026Q2,6425,易發,2,,,,,,,59,黃燈,"公司獲利能力指標（如營業毛利率、稅後淨利率、每股稅後盈餘年成長率）表現優異，顯示本業競爭力強。
償債能力指標（如現金流量比、速動比、流動比）部分低於標準，短期流動性風險明顯。
資本結構指標（如負債總額%、股東權益總額%）顯示公司負債比率偏高，資本結構較為脆弱。
資產運用及收現效率普通（如總資產週轉率、應收帳款週轉率、固定資產週轉率），但未見重大異常。",本次評分59分，主要因現金流量比、負債總額(%)、速動比等關鍵指標出現▼，各自造成扣分，且多項指標僅達O等級，反映公司雖具備獲利能力，但流動性與資本結構風險拖累整體分數，評為黃燈。,易發公司2026Q2雖具備良好的獲利能力，但財務結構與流動性風險明顯。現金流量比為負且速動比偏低，顯示短期現金調度壓力大，若遇資金緊縮或突發支出，恐影響營運穩定。負債總額過高、股東權益比過低，意味著公司抗風險能力不足，需積極改善資本結構。建議強化現金流管理、降低負債比率、提升速動資產水準，以降低財務風險並提升評分。
2026Q2,3030,德律,2,,,,,,,98,綠燈,"流動比、速動比、現金流量比、現金比等關鍵指標均遠高於標準，顯示公司短期償債能力極強，流動性無虞。
利息保障倍數、負債總額 (%)、股東權益總額 (%) 等財務結構指標表現優異，負債比率低，資本結構穩健。
營業毛利率、稅後淨利率、營業利益率、資產報酬率、股東權益報酬率等獲利能力指標均大幅高於標準，顯示公司獲利能力極佳。
存貨週轉率、總資產週轉率雖未達最佳標準，但仍落於合理區間，無重大扣分，整體營運效率良好。",本期評分為98分，主要因所有關鍵指標均達最佳標準，無任何▼標記，僅存貨週轉率與總資產週轉率為O標記，各扣1分，整體財務結構、獲利能力、流動性皆極為優秀，故評分極高。,德律公司2026Q2整體財務狀況極為穩健，所有關鍵指標皆符合或優於標準，流動性、獲利能力、資本結構均無明顯風險。唯一需注意者為存貨週轉率略低於最佳標準，建議持續優化存貨管理，提升週轉效率，以避免未來庫存積壓風險。整體而言，公司財務風險極低，營運展望正向。
2026Q2,2374,佳能,2,,,,,,,80,綠燈,"佳能公司多數獲利、資本結構、現金及資產運用等指標皆達到「☆」等級，如營業毛利率、稅後淨利率、流動比、利息保障倍數、負債總額 (%)、現金比、固定資產週轉率等，顯示整體經營穩健。
現金流量比(-7.26)與速動比(85.32)皆低於標準，屬於「▼」等級，是本期主要的財務警訊，顯示短期現金流與高流動性資產償債能力需加強。
存貨週轉率、存貨佔營收比率、總資產週轉率、股東權益報酬率等部分指標落於「O」區間，顯示營運效率尚有提升空間，但未構成重大風險。
利息保障倍數、負債結構、現金比等關鍵指標表現優異，短期及長期債務壓力低，資本結構穩健，抗風險能力強。",本期評分為80分，主要因現金流量比與速動比皆落於「▼」區間，各扣10分，其他多數關鍵指標達「☆」或「O」等級，故整體評分維持高檔，反映公司財務體質穩健，但需正視短期現金流與流動性風險。,佳能公司2026Q2整體財務結構穩健，獲利能力與資本結構優異，多數關鍵指標表現良好。然而，現金流量比為-7.26，速動比僅85.32，顯示公司短期現金流與高流動性資產不足，短期償債能力存在明顯風險。建議公司加強現金流管理，提升營運現金流入，並審慎控管存貨與應收帳款，確保短期資金調度安全，以避免因現金流短缺造成營運壓力。
2026Q2,6146,耕興,2,,,,,,,82,綠燈,"耕興公司大多數關鍵指標（如流動比、現金比、速動比、利息保障倍數、負債總額 (%)）均大幅優於一般標準，顯示財務結構穩健、短期及長期償債能力極佳。
獲利能力指標（營業毛利率、稅後淨利率、股東權益報酬率、營業利益率、資產報酬率等）均遠高於標準，顯示本業經營表現優異且資產運用效率高。
現金流量比為-112.4，遠低於標準，顯示營運現金流出現明顯缺口，為本期主要財務風險。
應收帳款佔營收比率及存貨佔營收比率分別出現偏高與偏低現象，需留意營運資金管理與供貨風險。",本期評分為82分，主要因大多數關鍵指標表現優異，僅因現金流量比嚴重低於標準（扣分），以及應收帳款佔營收比率與存貨佔營收比率未達標準，各自扣分，整體仍屬財務穩健。,耕興公司2026Q2整體財務結構穩健，獲利能力與償債能力均屬優異，屬於低風險企業。然而，營業現金流量比為-112.4，顯示公司營運現金流出現嚴重缺口，若長期未改善，恐影響短期資金調度與營運穩定。此外，應收帳款佔營收比率略高於標準，需加強應收帳款管理，以降低壞帳風險。建議公司強化現金流管理、加速應收帳款回收，並持續關注存貨水位，避免供貨中斷或過度壓低庫存造成營運風險。
2026Q2,6189,豐藝電子,2,,,,,,,65,黃燈,"公司在獲利能力（如每股稅後盈餘年成長率、股東權益報酬率、資產報酬率、固定資產週轉率等）表現優異，顯示營運效率與資產運用能力強。
流動比與速動比皆在合理區間，短期償債能力尚可，但現金流量比偏低，顯示營運現金流存在壓力。
負債結構部分，流動負債比率、負債總額比率及股東權益總額比率均顯示財務槓桿偏高，資本結構較為薄弱，需注意財務風險。
關鍵指標中有2項出現▼（現金流量比、負債總額 (%)），為主要扣分來源，需特別關注現金流與負債管理。",本次評分65分，主要因現金流量比及負債總額 (%) 皆為▼，各自扣除顯著分數，流動負債 (%) 及股東權益總額 (%) 也未達標，進一步影響總分。雖然獲利與資產運用表現良好，但財務結構與現金流狀況拉低了整體評分。,豐藝電子2026Q2在獲利能力與資產運用效率方面表現亮眼，但現金流量比明顯偏低，營運現金流不足，短期現金壓力大，且負債總額偏高、股東權益比率偏低，顯示公司財務槓桿高、資本結構較弱，抗風險能力有限。建議公司強化現金流管理，提升營運現金流入，並審慎控管負債水位，逐步提升股東權益比率，以降低財務風險，增強長期穩健發展能力。
2026Q2,3659,百辰,2,,,,,,,80,綠燈,"流動比157.6%，短期償債能力強，資金運用安全。
速動比僅91.41%，低於標準，短期資產流動性有壓力，需注意現金流管理。
應付帳款占比46.19%，高於標準，可能面臨對供應商付款壓力。
負債總額53.48%、股東權益46.52%，財務結構中等偏穩健，長期負債比例低，有利於財務安全。",本期評分80分，主要因流動比、長期負債等指標表現優異，但速動比與應付帳款占比偏低或偏高，各扣除部分分數，整體維持在安全範圍，屬於綠燈。,百辰公司2026Q2整體財務結構尚屬穩健，短期償債能力良好，但速動比明顯偏低，代表現金及高流動性資產不足，若遇資金調度壓力，恐影響短期支付能力；同時，應付帳款占比過高，顯示對供應商付款壓力較大。建議公司加強現金流管理，提升速動資產水位，並適度降低應付帳款比重，以降低潛在財務風險。
2026Q2,2308,台達電,2,,,,,,,90,綠燈,"台達電多數關鍵指標（如流動比、現金流量比、利息保障倍數、現金比、速動比）皆為☆或O，顯示短期及長期償債能力極佳。
獲利能力指標（營業毛利率、稅後淨利率、股東權益報酬率、資產報酬率、營業利益率）皆大幅高於標準，顯示公司營運績效優異。
資本結構與負債管理尚可，負債總額 (%) 及股東權益總額 (%) 均落在O區間，需留意資本結構優化。
存貨週轉率、流動負債 (%)、速動比、業外損益佔營收比率等指標落在O區間，顯示部分財務管理仍有改善空間，但風險不高。",本期評分為90分，主要因多數指標皆達☆標準，僅部分指標（如存貨週轉率、流動負債 (%)、負債總額 (%)、股東權益總額 (%)、速動比、業外損益佔營收比率）落在O區間，扣除10分，整體財務結構穩健，風險極低。,台達電2026Q2財務狀況極為穩健，關鍵償債與獲利指標皆優於標準，整體無重大財務風險。需注意的是，負債總額 (%)、股東權益總額 (%)、流動負債 (%)、速動比等指標雖未達最佳區間，但仍在合理範圍，建議持續優化資本結構與流動資產管理，提升股東權益比率，降低負債比率，以維持長期財務安全。
2026Q2,8081,致新,2,,,,,,,98,綠燈,"公司流動比、速動比、現金比、現金流量比皆遠高於標準，顯示短期償債能力極佳，流動性風險極低。
利息保障倍數、負債總額 (%)、股東權益總額 (%)等關鍵指標均符合最佳標準，財務結構穩健，長短期償債壓力低。
營業毛利率、稅後淨利率、股東權益報酬率、資產報酬率等獲利指標均高於標準，顯示公司獲利能力強，營運表現優異。
存貨週轉率與總資產週轉率落於O標準，雖尚可但仍有提升空間，建議持續優化資產與存貨管理效率。",本期評分為98分，主要因所有關鍵指標均符合最佳標準（☆），未見重大財務風險。僅存貨週轉率與總資產週轉率落於O標準，各扣1分，整體財務表現極佳。,致新公司2026Q2財務狀況極為穩健，所有關鍵指標均符合最佳標準，流動性、償債能力、獲利能力及資產運用效率皆表現優異。唯一需注意的是存貨週轉率與總資產週轉率尚未達到最佳標準，建議公司持續優化存貨管理與資產配置，以提升資產運用效率。整體來看，財務風險極低，建議維持現有財務政策並定期檢視資產與存貨週轉狀況。
2026Q2,6197,佳必琪,2,,,,,,,95,綠燈,"公司多項關鍵指標（如流動比、速動比、現金比、利息保障倍數、負債總額(%)）均獲得最高等級（☆），顯示短期及長期償債能力極佳，財務結構穩健。
獲利能力指標（營業毛利率、稅後淨利率、營業利益率、股東權益報酬率、資產報酬率等）皆遠高於標準，顯示本業與資本運用效益良好。
現金流量比、應收帳款佔營收比率、存貨佔營收比率等部分指標落於O區間，顯示現金流量、收款與存貨規模仍有進一步優化空間，但未達風險等級。
無任何關鍵指標出現▼，整體財務風險極低，營運穩健。",本期評分為95分，主要因現金流量比、應收帳款佔營收比率、存貨佔營收比率等三項指標落於O區間，各扣1~2分，其餘指標皆為☆，無▼，因此整體分數維持高檔，顯示公司財務體質優異。,佳必琪公司2026Q2整體財務狀況極為穩健，短期與長期償債能力均屬優異，獲利能力及資產運用效率高。唯一需持續關注的是現金流量比與應收帳款佔營收比率，分別落於O區間，顯示現金流量及收款週期仍有提升空間。建議公司持續強化現金流管理、優化應收帳款控管，確保未來營運資金充裕並降低潛在收款風險。
2026Q2,6546,正基,2,,,,,,,94,綠燈,"正基公司多數關鍵財務指標（如流動比、速動比、負債總額 (%)、現金比、利息保障倍數等）皆達到最佳標準，顯示財務結構穩健，短期及長期償債能力極佳。
獲利能力指標（營業毛利率、稅後淨利率、股東權益報酬率、資產報酬率、營業利益率）均大幅優於一般標準，顯示公司營運獲利能力強，經營效率高。
現金流量比與業外損益佔營收比率雖未達最佳標準，但仍處於合理範圍，僅需持續關注現金流入及業外損益波動。
所有關鍵指標皆無落入▼區間，無重大財務風險，整體經營穩健。",本次評分為94分，主因各項指標表現優異，僅現金流量比、業外損益佔營收比率、存貨週轉率、總資產週轉率等四項指標未達最佳標準，故有少量扣分，其餘指標均達最佳標準，整體財務體質極為健康。,正基公司2026Q2整體財務結構穩健，短期與長期償債能力均極佳，獲利能力強，資產運用效率高，現金充裕且負債比率低。唯一需留意之處為現金流量比略低於最佳標準，以及業外損益佔營收比率略高於理想值，建議持續強化營運現金流管理，並密切監控業外損益來源，確保未來營運穩定無虞。
2026Q2,6115,鎰勝,2,,,,,,,86,綠燈,"大部分指標表現優異，流動比、速動比、現金比、負債總額 (%)、利息保障倍數等關鍵指標均達到最佳標準，顯示公司短期及長期償債能力強，財務結構穩健。
獲利能力指標（稅後淨利率、每股稅後盈餘年成長率、資產報酬率）均顯示公司獲利能力佳，且獲利成長力道強勁。
現金流量比為負值，顯示營運現金流緊張，是目前最需關注的財務風險。
應收帳款週轉率及應收帳款佔營收比率雖在合理範圍，但仍需持續注意收款效率及客戶信用風險。",本期評分為86分，主要因大多數指標（如流動比、速動比、現金比、負債總額 (%)、利息保障倍數、固定資產週轉率等）皆達最佳標準，僅現金流量比出現明顯警訊（▼），因此扣除部分分數，整體財務體質仍屬優良，符合綠燈標準。,鎰勝公司2026Q2整體財務結構穩健，短期及長期償債能力強，獲利能力及資產運用效率佳，評分及燈號均屬優秀。然而，現金流量比為負值，顯示營運現金流出現問題，若未能有效改善，將影響公司持續營運的穩健性。建議公司加強現金流管理，檢視營運資金調度，並持續控管應收帳款回收效率，以降低現金流風險，確保財務安全。
2026Q2,8289,泰藝,2,,,,,,,85,綠燈,"短期償債能力極強：流動比、速動比、現金比均為☆，顯示公司短期資金充裕，流動性風險極低。
獲利能力與成長性良好：營業毛利率、每股稅後盈餘年成長率均為☆，稅後淨利率、營業利益率、資產報酬率、股東權益報酬率則屬於O，顯示獲利穩健但仍有提升空間。
負債結構穩健：負債總額（%）、流動負債（%）、長期負債（%）、股東權益總額（%）均為☆，顯示公司資本結構良好，財務風險低。
現金流量比偏低：唯一的▼指標為現金流量比，顯示雖然帳上現金充足，但營運現金流入需加強，為主要潛在風險。",本期評分為85分，主要因大部分指標表現優異，僅現金流量比為▼扣分，其餘關鍵指標如流動比、現金比、利息保障倍數、負債總額（%）、速動比等皆為☆，整體財務結構穩健，因此給予高分。,泰藝公司2026Q2整體財務結構穩健，短期與長期償債能力極佳，負債水準低，資本結構健康。營運獲利能力與成長性良好，顯示公司經營具競爭力。然而，現金流量比顯著低於標準，反映營運現金流入不足，若遇景氣波動或客戶付款延遲，可能影響資金調度與營運穩定。建議強化應收帳款管理、提升營運現金流入，並持續優化成本結構，以降低未來現金流風險。
2026Q2,6158,禾昌,2,,,,,,,45,紅燈,"公司多項獲利能力指標（如稅後淨利率、每股稅後盈餘年成長率、股東權益報酬率、營業利益率、資產報酬率）皆為負值，顯示本期虧損嚴重，獲利結構極不理想。
流動性與現金流指標（如現金流量比、速動比）均低於標準，現金流量比甚至為負，短期償債能力明顯不足，流動性風險高。
利息保障倍數為負，代表公司無法以營運獲利支付利息，財務壓力極大，若無改善將有債務違約風險。
雖然部分營運效率（如存貨週轉率、固定資產週轉率、現金比）表現尚可，但無法彌補獲利與現金流的嚴重弱勢，整體財務結構偏弱。",本次評分為45分，主要因多項關鍵指標（現金流量比、利息保障倍數、速動比）皆為▼，且獲利能力指標全面低於標準，僅部分營運效率與現金比表現良好，導致總分偏低，呈現紅燈警示。,禾昌公司2026Q2財務風險極高，最主要問題在於本期獲利能力全面惡化，現金流量比與速動比雙雙低於標準，且利息保障倍數為負，顯示公司營運現金流極度不足，無法支應利息與短期債務，若無立即改善，將面臨流動性危機與債務違約風險。建議公司必須優先改善營運現金流，積極控制費用、強化收款效率，並審慎評估資本結構與債務安排，以降低財務壓力，避免資金斷鏈。
2026Q2,5490,同亨,2,,,,,,,89,綠燈,"同亨公司在獲利能力指標（營業毛利率、稅後淨利率、營業利益率、每股稅後盈餘年成長率、資產報酬率、股東權益報酬率）均大幅優於一般標準，顯示本業與最終獲利能力俱佳。
流動性指標（流動比、速動比、現金比）皆遠高於標準，短期償債能力極強，資金調度充裕。
財務結構穩健，負債總額及流動負債占比低，股東權益比重高，顯示槓桿風險低，資本結構穩定。
唯一明顯弱點為現金流量比為負（-2.03），顯示本期營運現金流出現壓力，需密切關注現金流管理。",本期評分89分，主要因大多數關鍵指標表現優異，僅現金流量比為▼，因此有少量扣分。其餘如存貨週轉率、存貨佔營收比率、總資產週轉率等落於O區間，亦有輕微扣分，但整體風險低，評分維持高檔。,同亨公司2026Q2整體財務結構穩健，獲利能力與短期償債能力皆優於產業標準，財務風險極低。唯一需特別注意的是現金流量比為負值，顯示營運現金流出現短暫壓力，若持續惡化，可能影響公司短期資金調度。建議公司加強應收帳款回收、優化存貨管理，並審慎控管營運現金流，以確保未來現金流穩定，降低潛在流動性風險。
2026Q2,6770,力積電,2,,,,,,,86,綠燈,"力積電在流動比、現金流量比、速動比、現金比等短期償債能力指標皆遠高於標準，顯示公司流動性極佳，無短期償債壓力。
利息保障倍數、負債總額 (%)、長期負債 (%)、股東權益總額 (%)等財務結構指標均落於最佳標準，資本結構穩健，槓桿風險低。
營業毛利率、營業利益率、稅後淨利率、每股稅後盈餘年成長率等獲利能力指標均顯著優於標準，顯示公司獲利能力強且成長動能充足。
總資產週轉率、固定資產週轉率、應付帳款 (%)等資產運用效率指標偏低，顯示資產運用效率有待提升，為主要扣分來源。",本期評分為86分，主要因公司短期及長期償債能力、資本結構、獲利能力皆極佳，符合多項最佳標準。扣分主要來自資產週轉率、固定資產週轉率及應付帳款 (%)三項指標未達標準，各項扣分合計影響整體評分，但未達重大風險。,力積電2026Q2財務狀況整體穩健，流動性、償債能力及獲利能力均優於產業標準，無重大短期或長期財務風險。最主要風險在於總資產週轉率及固定資產週轉率偏低，顯示資產運用效率不足，可能影響未來成長與獲利提升。此外，應付帳款比例過低，可能反映議價能力或資金運用策略需優化。建議公司加強資產管理與提升資產運用效率，並檢視供應鏈付款條件，以進一步優化資金運用與提升整體營運效率。
2026Q2,2301,光寶科技,2,,,,,,,71,綠燈,"獲利能力極佳：營業毛利率、稅後淨利率、營業利益率、股東權益報酬率、資產報酬率皆達到最高標準，顯示公司獲利能力強。
成長動能充足：每股稅後盈餘年成長率大幅超過標準，營收與獲利成長迅速。
短期償債能力需關注：現金流量比及速動比皆為▼，顯示營運現金流與速動資產不足，短期流動性有風險。
資本結構穩健但負債偏高：流動負債及負債總額接近風險區間，需持續監控財務槓桿與償債壓力。",本期評分為71分，主要扣分來自現金流量比與速動比皆低於標準（各扣分），流動負債偏高亦扣分。其餘獲利、成長、資產運用等指標表現優異，故整體仍維持綠燈，代表公司財務狀況良好但需關注短期流動性風險。,光寶科技2026Q2整體財務狀況穩健，獲利能力與成長動能強，資產運用效率高。但現金流量比為負值、速動比低於標準，顯示營運現金流與速動資產不足，短期償債能力有風險。流動負債比例偏高亦需注意。建議公司加強現金流管理，提升速動資產，降低短期負債壓力，以確保財務安全與營運穩定。
2026Q2,6160,欣技,2,,,,,,,37,紅燈,"現金流量比、速動比、現金比皆低於標準，顯示公司流動性與短期償債能力極差，現金流壓力大。
利息保障倍數為負，代表營業利益無法支付利息，財務成本壓力極高，存在債務違約風險。
存貨週轉率與存貨佔營收比率皆偏低與偏高，庫存積壓嚴重，資金運用效率差。
多項獲利指標（稅後淨利率、每股稅後盈餘年成長率、股東權益報酬率、資產報酬率、營業利益率）為負，反映公司已陷入虧損且無成長動能。",本期評分為37分，主要扣分來自關鍵流動性指標（現金流量比、速動比、現金比）、獲利能力（稅後淨利率、股東權益報酬率、資產報酬率、營業利益率）、利息保障倍數，以及存貨週轉與佔比。這些指標顯示公司流動性與獲利能力極弱，財務壓力大，評分因此偏低。,欣技公司2026Q2財務狀況顯示流動性與獲利能力均極度惡化，現金流量比、速動比、現金比皆遠低於標準，短期償債能力不足，現金流壓力大。利息保障倍數為負，營業利益無法支付利息，債務違約風險高。存貨週轉慢且佔營收比率過高，庫存積壓嚴重，資金運用效率差。多項獲利指標為負，反映公司已陷入虧損且無成長動能。建議公司應積極改善現金流與庫存管理，調整營運策略，降低成本與提升獲利能力，並加強財務結構以降低債務風險。
2026Q2,3483,力致,2,,,,,,,72,綠燈,"流動比、速動比、現金比、負債總額 (%)、股東權益總額 (%)、長期負債 (%) 等關鍵指標皆達到高標，顯示公司短期與長期償債能力強，資本結構健康。
現金流量比為負數，顯示營業活動現金流量極度不足，短期現金償債能力存在重大風險。
獲利能力指標如營業利益率、股東權益報酬率、每股稅後盈餘年成長率皆低於標準，反映公司核心業務獲利能力弱，成長性不足。
資產運用效率、存貨管理、固定資產週轉率等皆屬於高標或一般水準，顯示營運效率尚可，但需提升獲利與現金流。",本期評分為72分，主要扣分項目來自現金流量比（▼）、營業利益率（▼）、股東權益報酬率（▼）、每股稅後盈餘年成長率（▼），這些指標反映公司獲利能力與現金流存在明顯問題。其餘如流動比、現金比、負債總額、速動比等均為高標，使整體財務結構穩健，故評分仍維持在較高水準。,力致公司2026Q2整體財務結構穩健，流動、速動、現金比皆達高標，負債比例低，資本結構安全。然而，現金流量比為負數，顯示營業活動現金流量極度不足，短期現金償債能力存在顯著風險。核心業務獲利能力也偏弱，營業利益率為負、股東權益報酬率低於標準、盈餘年成長率大幅衰退。建議公司優先改善營業現金流，強化核心業務獲利，並持續監控應收帳款與存貨管理，提升整體經營效率與獲利能力。
2026Q2,1582,信錦,2,,,,,,,79,綠燈,"信錦公司流動比、速動比、現金比、利息保障倍數等關鍵償債指標皆達到優良標準，短期及即時償債能力極佳。
負債總額（%）、長期負債（%）、流動負債（%）、股東權益總額（%）等財務結構指標均落於優良區間，顯示資本結構穩健。
獲利能力方面，稅後淨利率、每股稅後盈餘年成長率、資產報酬率等指標表現優秀，但營業利益率為負值，顯示本業仍有虧損壓力。
現金流量比與業外損益佔營收比率均顯示出現金流動性與本業獲利穩定性存在明顯風險，需持續關注相關改善措施。",本次評分為79分，屬於綠燈等級。主要扣分來自現金流量比（▼，顯示現金流動性不足）、營業利益率（▼，本業虧損）、業外損益佔營收比率（▼，業外損益占比過高），其餘多數指標表現良好，支撐整體評分維持在高檔。,信錦公司2026Q2整體財務結構穩健，短期及長期償債能力皆屬優良，資本結構健康。然而，最重要的風險在於現金流量比為負數，顯示營運現金流入遠低於流動負債，存在資金調度壓力。此外，營業利益率為負值，反映本業尚未脫離虧損，且業外損益佔營收比率過高，顯示獲利過度依賴非本業項目。建議公司應加強本業經營效率、提升營運現金流量，並降低對業外損益的依賴，以確保長期財務穩健與獲利穩定。
2026Q2,2483,百容,2,,,,,,,64,黃燈,"流動比、現金比、負債總額 (%)、股東權益總額 (%) 等指標均達優秀標準，顯示公司短期償債能力及資本結構穩健。
現金流量比為負值，顯示營運現金流極度不足，短期現金流風險需高度關注。
獲利能力指標如營業利益率、股東權益報酬率、每股稅後盈餘年成長率均低於標準，顯示獲利動能不足，成長性需改善。
固定資產週轉率偏低，資產運用效率不佳，影響整體營運效益。",本期評分為64分，主要扣分來自現金流量比（▼）、獲利能力（營業利益率、股東權益報酬率、每股稅後盈餘年成長率皆為▼），固定資產週轉率（▼），以及應付帳款 (%)（▼），共計5項指標明顯低於標準。雖然流動性、資本結構及部分營運效率指標表現良好，但獲利與現金流風險拉低整體評分，故為黃燈。,百容公司2026Q2整體財務結構穩健，短期償債能力及現金儲備充足，資本結構亦屬優良。然而，營運現金流量比為負值，顯示營業活動產生現金流極度不足，是最主要的財務風險。此外，獲利能力及成長性指標普遍偏低，固定資產運用效率不佳，需加強營運改善。建議公司優先提升營業現金流，優化營運效率，並積極改善獲利能力，避免現金流惡化對營運造成衝擊。
2026Q2,3078,CWT,2,,,,,,,76,綠燈,"流動比、速動比、現金比、負債總額 (%)、股東權益總額 (%)等指標皆達最佳標準，顯示公司短期償債能力與財務結構極為穩健。
利息保障倍數、固定資產週轉率、業外損益佔營收比率、存貨佔營收比率、流動負債 (%)、應付帳款 (%)等指標均達最佳標準，資金運用與營運效率良好。
現金流量比、每股稅後盈餘年成長率、股東權益報酬率等指標出現▼，顯示獲利成長與現金流量偏弱，需注意營運現金與股東回報。
營業毛利率、稅後淨利率、存貨週轉率、應收帳款週轉率、總資產週轉率、營業利益率、資產報酬率、應收帳款佔營收比率等指標雖屬一般標準，但整體未出現重大風險。",本期評分76分，主要因流動比、速動比、現金比、負債總額 (%)、股東權益總額 (%)、利息保障倍數等多項關鍵指標皆達最佳標準，顯示公司財務結構穩健、償債能力強。惟現金流量比、每股稅後盈餘年成長率、股東權益報酬率等指標出現扣分，反映獲利成長與現金流量偏弱，故未達最高分。,本期CWT公司整體財務風險低，流動性與償債能力極佳，財務結構穩健。最主要風險在於現金流量比偏低（僅17），每股稅後盈餘年成長率大幅衰退（-81.6），以及股東權益報酬率低於標準（3.99），顯示公司營運現金流與股東回報需加強。建議公司加強營運現金流管理，提升獲利能力與資金回收效率，並持續優化營運績效以提升股東回報。
2026Q2,6213,聯茂,2,,,,,,,78,綠燈,"聯茂公司多數獲利與資產運用指標（如營業毛利率、稅後淨利率、股東權益報酬率、資產報酬率、固定資產週轉率等）皆達到最高標準，顯示營運效率與獲利能力優異。
流動比、速動比、利息保障倍數、負債總額 (%) 等關鍵償債指標均符合最高標準，財務結構穩健，短期及長期償債能力強。
現金流量比與現金比皆落入▼，顯示現金流量與流動性存在短期風險，需加強現金管理。
應收帳款佔營收比率為▼，應收帳款週轉率僅為O，資金回收效率略為偏低，需留意客戶付款狀況以降低資金壓力。",本期評分為78分，主要扣分來自現金流量比、現金比、應收帳款佔營收比率等指標落入▼，反映現金流動性及資金回收效率需改善，其餘多數指標表現優異，故整體評分仍為高分。,聯茂公司2026Q2財務整體表現優異，營運獲利能力強、資本結構穩健，短期及長期償債能力皆佳。然而，現金流量比與現金比皆顯示現金流動性不足，且應收帳款佔營收比率偏高，資金回收效率有待提升。建議公司加強現金流量管理、提升資金回收效率，並持續監控現金流動性，避免短期現金壓力擴大。
2026Q2,6449,鈺邦,2,,,,,,,74,綠燈,"獲利能力指標（如營業毛利率、稅後淨利率、營業利益率、資產報酬率）皆表現優異，顯示公司本業獲利強勁。
財務結構穩健，負債總額比率及流動負債、長期負債、股東權益總額等指標均達到最佳標準，顯示槓桿風險低。
流動性指標中，現金流量比與速動比皆低於標準，顯示短期現金流動性及即時償債能力需加強，是目前主要風險。
資產運用與收款效率普通（如存貨週轉率、應收帳款週轉率），但尚未達到警戒水準，需持續提升營運效率。",本期評分74分，主因多數獲利、財務結構及現金比等指標表現良好，但因現金流量比（▼）及速動比（▼）未達標準，各扣除分數，故總分未達滿分。,鈺邦公司2026Q2整體財務結構穩健，獲利能力強，負債比率低，顯示長期經營風險有限。然而，短期現金流動性風險需特別注意，現金流量比及速動比皆低於一般標準，顯示公司在面對短期負債時現金動能不足。建議公司加強現金流管理，提升營運現金流入，並審慎控管存貨與應收帳款水位，以降低短期流動性風險，確保營運穩健發展。
2026Q2,3211,順達,2,,,,,,,63,黃燈,"現金流量比與速動比皆為▼，顯示公司短期現金流動性與償債能力存在明顯風險。
每股稅後盈餘年成長率大幅衰退，反映公司獲利成長性不佳，需關注未來營運趨勢。
流動比、利息保障倍數、固定資產週轉率等指標表現優良，部分財務結構穩健。
大多數指標落在一般水準，顯示公司整體財務體質尚可，但需特別注意現金流量與短期償債風險。",本期評分63分，主要因現金流量比與速動比皆為▼，各扣較多分數，且每股稅後盈餘年成長率亦為▼，顯示成長性不佳。其餘多數指標為O，僅少數為☆，整體表現普通，故評為黃燈。,順達公司2026Q2主要風險在於現金流量比與速動比皆低於標準，顯示短期現金流動性與償債能力不足，若遇資金調度壓力，可能影響營運穩定。此外，每股稅後盈餘年成長率大幅衰退，反映公司成長動能不足。建議公司加強現金流管理、提升應收帳款回收效率，並審慎控管成本與支出，以改善現金流與提升整體財務體質。
2026Q2,8076,伍豐,2,,,,,,,64,黃燈,"公司本業獲利能力（營業毛利率、稅後淨利率）表現優異，但每股盈餘年成長率及股東權益報酬率明顯下滑，顯示獲利成長動能不足。
流動比、現金比、負債總額等指標顯示公司整體財務結構穩健，短期償債能力表面充足。
現金流量比、速動比均出現▼，顯示公司短期營運現金流壓力大，速動資產不足，需警惕突發現金需求風險。
存貨週轉率偏低與應付帳款比例過低，反映營運資金周轉效率需改善，可能影響未來現金流。",本期評分為64分，屬於黃燈區間。主要扣分來自於現金流量比（▼）、速動比（▼）、每股盈餘年成長率（▼）、存貨週轉率（▼）、股東權益報酬率（▼）、應付帳款比例（▼）等指標。雖然本業獲利能力佳，財務結構穩健，但現金流與短期資金調度壓力明顯，導致評分無法進入綠燈區。,伍豐公司2026Q2雖然本業獲利能力與財務結構表現良好，但短期現金流量比與速動比均明顯低於標準，顯示短期現金流動性風險高，若遇突發大額資金需求，恐造成資金調度壓力。此外，存貨週轉率偏低與應付帳款比例過低，反映營運資金周轉效率不佳，亦可能進一步壓縮現金流。建議公司加強現金流管理、提升存貨及應收帳款週轉效率，並適度運用應付帳款資金，強化短期資金調度能力，以降低財務風險。
2026Q2,8234,新漢,2,,,,,,,60,黃燈,"公司營業毛利率、每股稅後盈餘年成長率、應收帳款週轉率、利息保障倍數、應付帳款(%)、長期負債(%)、業外損益佔營收比率、應收帳款佔營收比率、固定資產週轉率等多項指標表現優良，顯示營運效率及部分獲利能力具備基礎。
現金流量比、速動比明顯低於標準，顯示公司短期現金流動性與償債能力存在較大風險，需特別關注。
股東權益報酬率及營業利益率均低於標準，獲利能力偏弱，對股東回報有限。
負債總額(%)、流動負債(%)、現金比等指標落在一般標準範圍，顯示財務結構尚可，但仍需注意負債與現金水位的平衡。",本次評分為60分，主要因現金流量比、速動比均為▼，顯示短期流動性風險明顯，且股東權益報酬率與營業利益率亦為▼，獲利能力偏弱，這些關鍵指標拉低整體評分。其他多數指標表現尚可，故評分落於60分區間，燈號為黃燈。,新漢公司2026Q2財務結構整體尚屬穩健，但流動性風險明顯。現金流量比與速動比嚴重低於標準，顯示公司營運現金流不足，短期償債能力薄弱，若遇突發資金需求，恐有資金調度壓力。此外，股東權益報酬率及營業利益率偏低，反映公司獲利能力有待提升。建議公司加強現金流管理，嚴控營運支出，提升營業效率，並審視存貨及應收帳款政策，確保資金周轉順暢，以降低短期財務風險，提升整體獲利與股東回報。
2026Q2,6227,茂綸,2,,,,,,,53,黃燈,"現金流量比、速動比、現金比均為▼，顯示短期現金償債能力明顯不足，流動性風險高。
負債總額 (%)、流動負債 (%)、股東權益總額 (%)皆為▼，資本結構偏弱，財務槓桿過高。
營業毛利率、營業利益率、稅後淨利率屬於一般水準，獲利能力尚可但未達優良標準。
資產報酬率、固定資產週轉率、應收帳款週轉率等效率指標皆為☆，顯示營運效率佳。",本期評分為53分，主要扣分來自現金流量比、負債總額 (%)、速動比、現金比等關鍵指標均為▼，顯示短期償債與資本結構風險明顯；營業獲利能力普通，僅部分效率指標表現優異，因此評分未達高分。,茂綸公司2026Q2財務風險主要集中於現金流量比、速動比、現金比、負債總額 (%)等指標，顯示短期現金償債能力不足，且負債比率過高，資本結構偏弱。雖然營運效率與獲利成長性表現良好，但需高度重視現金流量管理與資本結構調整。建議加強營運現金流入、降低負債比率，提升現金償債能力，以降低財務風險並增強公司穩健度。
2026Q2,2363,矽統,2,,,,,,,74,綠燈,"流動比、速動比、現金比、現金流量比皆遠高於標準，顯示短期償債能力及資金流動性極佳。
負債總額 (%)、流動負債 (%)、長期負債 (%)、股東權益總額 (%)皆顯示資本結構極為穩健，財務風險極低。
營業毛利率、存貨週轉率、固定資產週轉率、業外損益佔營收比率、應收帳款週轉率等營運效率指標表現優良。
稅後淨利率、每股稅後盈餘年成長率、總資產週轉率、股東權益報酬率、資產報酬率、應付帳款 (%)等獲利及資產運用指標表現較弱，需注意獲利能力與資產效率。",本期評分為74分，主要扣分項目來自稅後淨利率、每股稅後盈餘年成長率、總資產週轉率、股東權益報酬率、資產報酬率及應付帳款 (%)等指標，這些指標皆出現▼，反映公司獲利能力、成長性及資產運用效率較弱。儘管如此，流動性、資本結構及營運效率表現優異，整體財務風險低，因此獲得綠燈評等。,矽統公司2026Q2整體財務結構穩健，短期償債能力極佳，資金流動性強，負債比極低，抗風險能力高。然而，獲利能力、成長性及資產運用效率表現較弱，稅後淨利率、每股盈餘年成長率、資產報酬率等指標皆偏低，需特別注意營運獲利與成長動能不足的風險。建議公司加強營收成長與資產運用效率，提升整體獲利能力，並持續維持良好的資本結構與現金流。
2026Q2,2353,宏碁,2,,,,,,,45,紅燈,"關鍵財務指標如現金流量比、速動比、現金比均低於標準，顯示短期現金流壓力明顯。
負債總額(%)及流動負債(%)偏高，資本結構風險升高，償債壓力大。
營業利益率偏低，顯示本業獲利能力不足，需加強營運效率。
雖然部分指標如固定資產週轉率、應收帳款週轉率表現優異，但無法彌補現金流與負債結構的重大缺失。",本次評分為45分，主要因現金流量比、速動比、現金比、負債總額(%)等關鍵指標均落於▼區間，造成重大扣分；雖有部分營運效率指標表現良好，但無法抵銷現金流與財務結構的明顯風險，因此評等為紅燈。,宏碁2026Q2財報顯示，現金流量比、速動比、現金比皆顯著低於一般標準，短期現金流與償債能力風險極高。負債總額與流動負債占比偏高，資本結構明顯偏向舉債，抗風險能力薄弱，若遇經濟波動或資金緊縮，恐面臨流動性危機。建議公司加強現金流管理，降低負債比重，並提升本業獲利能力，以強化整體財務體質，降低財務風險。
2026Q2,3026,禾伸堂,2,,,,,,,88,綠燈,"公司整體獲利能力極佳，營業毛利率、稅後淨利率、股東權益報酬率、資產報酬率等皆遠高於標準。
償債能力強，流動比、速動比、現金比、利息保障倍數皆屬於☆標準，資本結構穩健。
營運效率良好，存貨週轉率、固定資產週轉率高於標準，資產運用效率尚可。
現金流量比為唯一▼指標，顯示營運現金流償債能力不足，需加強現金流管理。",本期評分為88分，主要因大多數指標皆符合或優於一般標準，僅現金流量比為▼標記，造成扣分。其他如應收帳款週轉率、業外損益佔營收比率、應收帳款佔營收比率、總資產週轉率為O標記，略有扣分，但整體風險極低，評分屬高分區。,禾伸堂公司2026Q2整體財務狀況穩健，獲利能力、償債能力及資本結構皆優於產業標準，僅現金流量比偏低，顯示營運現金流償債能力不足。建議公司加強營運現金流管理，優化應收帳款回收效率，確保現金流穩定，進一步降低短期償債風險。其餘指標皆無重大風險，整體財務健康。
2026Q2,3017,奇鋐,2,,,,,,,100,綠燈,"本期僅提供「每股稅後盈餘(元)」數值，顯示公司獲利能力強，但缺乏其他關鍵指標數據。
評分與燈號為系統預設結果，未出現任何關鍵▼項目，顯示財務風險極低。
由於多數財務指標未提供，無法對流動性、償債能力、槓桿風險等進行深入分析。
建議未來補齊流動比、現金流量比、利息保障倍數、負債總額 (%)、速動比、現金比等關鍵指標，以提升分析完整性。",本期評分為100分，原因在於系統僅根據已提供的指標進行評分，且所有已提供指標皆無扣分情形，亦無關鍵▼項目。由於多數指標未提供，評分僅能反映現有資訊，無法全面評價公司財務風險。,本期奇鋐公司僅揭露「每股稅後盈餘(元)」數值，顯示單一指標下的獲利能力佳，但缺乏其他財務結構、流動性及償債能力等關鍵數據，無法全面評估其財務風險。建議公司未來應公開更多關鍵財務指標，特別是流動比、現金流量比、利息保障倍數、負債總額 (%)、速動比、現金比等，以利投資人及管理層進行完整的財務風險控管與決策。
2026Q2,6570,維田,2,,,,,,,90,綠燈,"流動比、現金比、速動比等短期償債能力指標均在標準以上，顯示公司短期資金風險極低。
利息保障倍數、負債總額 (%)、長期負債 (%) 等財務結構指標表現優異，負債壓力小，財務結構穩健。
營業毛利率、稅後淨利率、股東權益報酬率等獲利能力指標皆遠優於標準，顯示公司營運績效強勁。
現金流量比、固定資產週轉率、存貨週轉率等部分指標雖屬正常或尚可，仍有進一步提升空間。",本次評分為90分，主要因大多數關鍵指標皆獲得最高標記（☆），僅現金流量比、速動比、固定資產週轉率、存貨週轉率、總資產週轉率及應付帳款 (%) 為O，未有▼，因此僅小幅扣分，整體財務風險極低。,維田公司2026Q2整體財務狀況極為穩健，短期償債能力、獲利能力及財務結構均優於產業標準，無重大財務風險。惟現金流量比、速動比、固定資產週轉率及存貨週轉率等指標僅屬正常水準，建議公司持續優化營運效率，提升現金流量與資產運用效率，以進一步強化財務體質，降低未來潛在風險。
2026Q2,2354,鴻準,2,,,,,,,81,綠燈,"關鍵流動性指標（流動比、現金流量比、速動比、現金比）皆為☆，顯示公司短期償債能力極強，現金流動性充裕。
負債結構（負債總額 (%)、流動負債 (%)、股東權益總額 (%)）皆達☆標準，財務結構穩健，槓桿風險低。
利息保障倍數高達20.01倍，顯示公司利息負擔極低，財務壓力小。
雖然本業獲利能力（營業毛利率、營業利益率、股東權益報酬率）表現不佳，但整體資產運用效率及現金流量管理優異，維持高評分。",本次評分81分，主要因流動性、現金流、負債結構、資產運用效率等多項指標皆為☆，大幅加分。惟本業獲利能力（營業毛利率、營業利益率、股東權益報酬率）均為▼，因此扣分，但關鍵指標無▼，整體風險偏低，維持高分數。,鴻準公司2026Q2財務結構穩健，短期及長期償債能力皆極佳，現金流量充足，負債比低，財務槓桿風險小。然而，本業獲利能力明顯偏弱，營業毛利率與營業利益率均低於標準，股東權益報酬率亦偏低，顯示獲利結構需改善。建議公司加強本業經營效率，優化成本結構，提升毛利率與營業利益率，以強化長期競爭力。
2026Q2,6121,新普,2,,,,,,,88,綠燈,"新普公司多數關鍵指標均符合優良標準，包括流動比、速動比、現金比、利息保障倍數、負債總額 (%)，顯示短期與長期償債能力極佳，財務結構穩健。
獲利能力指標如稅後淨利率、股東權益報酬率、資產報酬率、營業利益率均高於標準，顯示公司獲利動能強。
唯一需注意的為現金流量比，顯著低於標準，顯示營運現金流償債能力不足，需關注營運現金流管理。
應收帳款週轉率、固定資產週轉率、存貨佔營收比率等營運效率指標均表現優良，資產運用效率高。",本期評分為88分，主要因大部分指標均達優良標準，僅現金流量比未達標準，造成部分扣分，整體財務風險極低，評分屬高分。,新普公司2026Q2整體財務結構穩健，短期與長期償債能力皆優異，資產運用效率高，獲利能力強，僅現金流量比顯著低於標準，顯示營運現金流償債能力不足。建議公司加強營運現金流管理，提升現金流入，確保未來營運資金充足，避免因現金流壓力影響財務穩健度。
2026Q2,4966,譜瑞,2,,,,,,,89,綠燈,"公司短期償債能力極強，流動比、速動比、現金比皆遠高於標準，顯示資金流動性充裕。
獲利能力與資產運用效率良好，營業毛利率、稅後淨利率、營業利益率、資產報酬率、固定資產週轉率等多項指標皆屬優異。
負債結構極為健全，負債總額及流動負債比例低，股東權益比重高，財務風險極低。
唯一需注意的是每股稅後盈餘年成長率為負，顯示獲利動能有下滑現象，未來需持續關注成長動能。",本期評分為89分，主要因大部分指標皆達到優良或正常標準，僅每股稅後盈餘年成長率為負（▼），導致部分扣分，其餘關鍵指標如流動比、現金流量比、負債總額 (%)、速動比、現金比等皆表現優異，整體財務體質穩健。,譜瑞公司2026Q2財務結構極為穩健，短期與長期償債能力均佳，資產與現金運用效率高，負債結構健康，未見明顯財務風險。最需注意之處為每股稅後盈餘年成長率出現負值，顯示獲利成長動能下滑，建議公司積極尋求營運成長新動能，提升營收與獲利表現，以維持長期競爭力。
2026Q2,2316,楠梓電,2,,,,,,,57,黃燈,"本期關鍵財務指標中，現金流量比為負值，顯示營運現金流極度不足，是短期流動性最大風險。
本業獲利能力明顯不足，營業毛利率、營業利益率皆為負，顯示本業處於虧損狀態。
稅後淨利率與股東權益報酬率表現亮眼，主要來自業外損益（業外損益佔營收比率高達79.42%），獲利結構不穩定，未來獲利可持續性存疑。
流動比、負債總額、長短期負債比率等財務結構指標表現優異，短期償債能力充足，資本結構穩健。",本期評分為57分，主要因本業獲利能力（營業毛利率、營業利益率、總資產週轉率等）明顯不佳，以及現金流量比為負，造成多項指標扣分；雖然財務結構與部分獲利指標表現良好，但高業外損益比例導致獲利結構不穩，故評等為黃燈。,楠梓電公司2026Q2財務結構穩健，短期及長期負債水位低，整體償債能力佳。然而，本業獲利能力極弱，營業毛利率與營業利益率皆為負值，且營運現金流量比為負，顯示公司本業現金流入嚴重不足，需高度關注營運續航力。此外，獲利高度依賴業外損益，若無法持續將面臨獲利大幅下滑風險。建議公司積極改善本業經營效率、提升營運現金流，並降低對業外收益的依賴，以強化長期財務穩健性。
2026Q2,2486,一詮,2,,,,,,,79,綠燈,"公司多數獲利能力指標（如營業毛利率、稅後淨利率、每股稅後盈餘年成長率）表現優異，顯示營運績效良好。
流動比、速動比、現金比等短期償債能力指標皆高於標準，資金安全性佳。
唯一關鍵弱點為現金流量比為負值，顯示營運現金流壓力大，需特別注意現金流管理。
負債總額略高於理想值，但長短期負債結構尚屬健康，利息保障倍數高，整體財務風險可控。",本期評分為79分，主要因大部分指標符合或優於標準，僅現金流量比為關鍵扣分項目（▼），其他如資產週轉率、股東權益報酬率、固定資產週轉率等為O，形成部分扣分，整體仍維持優良等級。,一詮公司2026Q2整體財務結構穩健，多數指標表現良好，短期與長期償債能力強，獲利能力佳。然而，現金流量比為-38.31，營運現金流出現壓力，若持續惡化恐影響短期資金調度與營運穩定。建議公司加強應收帳款回收與存貨管理，優化營運現金流，並持續監控負債結構，確保現金流穩健，降低未來財務風險。
2026Q2,2379,瑞昱,2,,,,,,,52,黃燈,"公司獲利能力強，營業毛利率、稅後淨利率、股東權益報酬率、資產報酬率等指標皆高於標準。
流動比、現金流量比、速動比、現金比等流動性指標部分落於或低於標準，顯示短期償債能力需加強。
負債總額 (%)、流動負債 (%)、股東權益總額 (%) 等財務結構指標偏弱，負債比偏高，資本結構有風險。
每股盈餘年成長率為負，顯示成長性減弱，需關注未來獲利動能。",本期評分為52分，主要扣分來自流動性（流動比、現金流量比、速動比、現金比）、財務結構（負債總額 (%)、股東權益總額 (%)、流動負債 (%)）、成長性（每股盈餘年成長率），雖然獲利能力佳，但流動性與結構風險明顯，故評分偏中等。,瑞昱公司2026Q2財報顯示，獲利能力與資產運用效率極佳，但財務結構偏向高負債，流動性與現金償債能力不足，短期償債壓力大，現金比與速動比明顯低於標準。建議公司加強現金部位、提升速動資產、降低負債比率，並改善資本結構，以降低財務風險，提升未來成長動能。
2026Q2,2421,昆山,2,,,,,,,89,綠燈,"昆山公司關鍵指標如流動比、速動比、現金比、利息保障倍數均達優良標準，顯示短期償債能力極佳。
獲利能力指標（營業毛利率、稅後淨利率、股東權益報酬率、資產報酬率、營業利益率）皆為優良，反映經營績效突出。
部分財務結構指標（負債總額%、股東權益總額%、流動負債%、應付帳款%、應收帳款週轉率、現金流量比、應收帳款佔營收比率）落於中等標準，需持續監控。
無關鍵▼項，整體財務風險極低，資產運用效率與現金流皆穩健。",本期評分為89分，主要因多數關鍵指標皆達優良標準，僅部分財務結構與現金流相關指標落於中等標準（如現金流量比、負債總額%、股東權益總額%、應收帳款週轉率等），因此略有扣分，但整體表現仍屬極佳，未見重大財務風險。,昆山公司2026Q2財務狀況整體穩健，短期償債能力強，獲利能力突出，資產運用效率高。主要風險在於部分財務結構指標（如負債總額%、股東權益總額%、流動負債%、應付帳款%）及現金流量比、應收帳款週轉率、應收帳款佔營收比率等落於中等標準，顯示資金回收與負債比重需持續監控。建議加強應收帳款管理、提升現金流量效率，並適度調整資本結構，以確保財務安全性持續提升。
2026Q2,8163,達方,2,,,,,,,44,紅燈,"現金流量比、利息保障倍數、負債總額 (%)、速動比皆為▼，顯示公司現金流與償債能力明顯不足，財務風險極高。
股東權益報酬率、資產報酬率、營業利益率、稅後淨利率皆低於標準，獲利能力不佳，對資本回報有限。
流動比、現金比、固定資產週轉率、應收帳款週轉率等部分指標表現優良，顯示資產運用與資金回收效率尚可。
負債總額 (%) 過高且股東權益總額 (%) 偏低，資本結構不穩健，抗風險能力弱。",評分44分，主要因多項關鍵財務指標（現金流量比、利息保障倍數、負債總額 (%)、速動比）皆為▼，大幅扣分，且獲利能力指標普遍低於標準，反映公司財務結構與獲利能力皆有明顯弱點，整體風險偏高。,達方公司2026Q2整體財務風險偏高，主要問題在於現金流量極弱、速動償債能力不足、負債比率過高以及利息保障能力低，顯示公司短期與長期償債壓力大，資本結構不穩健。獲利能力亦顯著低於標準，對股東回報有限。建議公司積極改善現金流管理、降低負債比率、提升營業效率與獲利能力，並加強資本結構，以降低財務風險並提升競爭力。
2026Q2,1717,長興,2,,,,,,,90,綠燈,"長興公司於流動比、現金流量比、利息保障倍數、速動比及現金比等關鍵短期償債指標皆達到優良（☆），顯示短期資金流動性極佳。
獲利能力指標如營業毛利率、稅後淨利率、每股稅後盈餘年成長率、資產報酬率等均表現優異，顯示本業及整體獲利穩健。
負債總額 (%) 及股東權益總額 (%) 均落於一般標準區間（O），顯示資本結構尚可，惟負債比略高於最佳標準，需持續關注。
部分指標如應收帳款週轉率、總資產週轉率、股東權益報酬率、營業利益率、應付帳款 (%)、應收帳款佔營收比率等落於普通水準（O），顯示在資產運用效率及收款管理上仍有提升空間。",本期評分90分，主要因大多數關鍵指標（如流動比、現金流量比、利息保障倍數等）皆為☆，且無任何▼，僅有部分指標（如應收帳款週轉率、總資產週轉率、股東權益報酬率、營業利益率、應付帳款 (%)、應收帳款佔營收比率、股東權益總額 (%)、負債總額 (%)）屬於O，故扣除部分分數，整體表現仍屬優良。,長興公司2026Q2財務結構穩健，短期償債能力極強，現金水位充足，獲利能力亦屬優異。主要風險在於資本結構略偏向負債（負債總額51.77%，股東權益總額48.23%），雖屬一般標準，但仍需關注未來負債比是否持續上升。此外，應收帳款週轉率及應收帳款佔營收比率顯示收款效率及風險管理尚有改善空間。建議持續強化應收帳款管理、提升資產運用效率，並審慎控管負債水準，以維持財務結構之穩健。
2026Q2,8261,富鼎先進,2,,,,,,,91,綠燈,"公司流動比、速動比、現金比均遠高於標準，短期償債能力極強，流動性風險極低。
獲利能力指標（營業毛利率、稅後淨利率、營業利益率、資產報酬率）皆明顯優於標準，獲利表現亮眼。
負債結構穩健，負債總額、流動負債占比均遠低於標準，股東權益比重高，財務槓桿風險小。
現金流量比、業外損益佔營收比率、應收帳款佔營收比率等部分指標屬於O等級，顯示仍有提升空間，需持續關注現金流與應收帳款管理。",本次評分為91分，主要因大部分關鍵指標（如流動比、速動比、現金比、利息保障倍數、負債總額等）皆達到最高等級，顯示公司財務結構極為穩健。僅現金流量比、業外損益佔營收比率、應收帳款佔營收比率、存貨週轉率等少數指標為O等級，造成部分扣分，但未出現任何▼級風險，整體評價極佳。,富鼎先進2026Q2整體財務結構極為穩健，流動性、獲利能力、資本結構均優於產業標準，短期及長期償債風險極低。唯一需留意之處為現金流量比、業外損益佔營收比率及應收帳款佔營收比率等指標僅達O等級，顯示現金流動性及應收帳款管理仍有提升空間。建議公司持續強化現金流管理，優化應收帳款回收效率，並密切監控業外損益波動，以維持財務結構的高度安全。
2026Q2,6206,飛捷,2,,,,,,,91,綠燈,"飛捷公司多數關鍵指標（如流動比、利息保障倍數、負債總額 (%)、速動比、現金比）均達到☆標準，顯示財務結構穩健。
獲利能力指標（營業毛利率、稅後淨利率、股東權益報酬率、資產報酬率、營業利益率）皆遠高於一般標準，展現優異獲利能力。
唯一風險指標為現金流量比，落於▼標準，顯示現金流量保障流動負債能力不足，需注意現金流量管理。
存貨週轉率雖僅達O標準，但整體存貨佔營收比率合理，應收帳款週轉率也高，營運效率良好。",本期評分為91分，主要因所有關鍵指標除現金流量比外皆達☆標準，僅現金流量比落於▼標準，造成部分扣分，其餘指標均表現優異，整體財務風險極低。,飛捷公司2026Q2整體財務結構極為穩健，獲利能力、償債能力及資產運用效率均遠高於產業標準。唯一需注意的是現金流量比落於▼標準，顯示公司現金流量對流動負債的保障程度不足，短期現金流量管理需加強。建議公司加強現金流量規劃，提升營運現金流入，避免未來遇到突發資金需求時產生流動性風險。其餘指標皆無重大財務風險，整體評價極佳。
2026Q2,8182,加高,2,,,,,,,68,黃燈,"加高公司流動比、速動比、現金比、負債總額 (%)、股東權益總額 (%)、長期負債 (%)、流動負債 (%)等指標皆獲得☆，顯示短期與長期償債能力及資本結構極為穩健。
現金流量比為▼，顯示營業現金流量不足，短期現金流風險需高度注意。
獲利能力指標如營業利益率、資產報酬率、股東權益報酬率皆為▼，顯示獲利能力偏低，需改善營運效率與獲利結構。
每股稅後盈餘年成長率獲得☆，代表公司成長動能強，但須留意獲利品質與現金流的同步提升。",評分68分，主要扣分來自現金流量比、營業利益率、資產報酬率、股東權益報酬率等獲利與現金流指標皆為▼，但因償債能力與資本結構指標表現優異，整體維持黃燈。,加高公司2026Q2財務結構穩健，短期及長期償債能力均極佳，資本結構安全，現金比高於標準，流動負債與長期負債比例低。然而，最大風險在於現金流量比為負數，營業現金流量明顯不足，若未改善將影響公司持續營運與資金調度。此外，獲利能力指標多為▼，營業利益率甚至為負，資產報酬率與股東權益報酬率偏低，需積極提升營運效率與獲利品質。建議加高公司加強營業現金流管理，提升營運獲利能力，並持續監控現金流量，確保財務安全。
2026Q2,2465,麗臺,2,,,,,,,93,綠燈,"關鍵指標如流動比、現金流量比、利息保障倍數、負債總額 (%)、速動比、現金比等，皆達優異或良好水準，顯示公司短期及長期償債能力極強。
獲利能力指標如稅後淨利率、每股稅後盈餘年成長率、股東權益報酬率、資產報酬率等均表現優異，顯示公司獲利成長動能強勁。
資產運用效率指標如總資產週轉率、固定資產週轉率、存貨週轉率、應收帳款週轉率均屬極佳水準，資金運用效率高。
僅少數指標如營業毛利率、營業利益率、存貨佔營收比率、流動負債 (%)、速動比屬一般標準，未達最佳，但並未出現重大風險指標（▼）。",本期評分93分，主要因所有關鍵指標皆為☆，僅有部分指標（如營業毛利率、營業利益率、存貨佔營收比率、流動負債 (%)、速動比）為O，無任何▼，因此僅小幅扣分，整體財務體質極為穩健。,麗臺公司2026Q2整體財務結構極為穩健，短期及長期償債能力強，現金流量充裕，資產運用效率高，獲利能力與成長性表現優異，無明顯重大財務風險。需注意的重點在於營業毛利率、營業利益率等尚未達最佳水準，建議持續提升本業獲利能力，並關注存貨與流動負債結構，維持現有優勢。如能進一步提升毛利與營業利益率，將有助於公司財務體質更上層樓。
2026Q2,8043,蜜望實,2,,,,,,,69,黃燈,"公司短期償債能力強，流動比、速動比、現金流量比、現金比等指標均為佳，資金安全性高。
營業毛利率、稅後淨利率、營業利益率、資產報酬率、股東權益報酬率等獲利指標明顯偏低，顯示本業獲利能力薄弱。
利息保障倍數僅2.55，低於標準，顯示財務槓桿壓力較大，需注意利息費用負擔。
資產運用效率佳（總資產週轉率、固定資產週轉率高），存貨及應收帳款管理尚可，但應收帳款週轉率仍有提升空間。",本次評分69分，主要因多項獲利能力指標（如營業毛利率、稅後淨利率、營業利益率、資產報酬率、股東權益報酬率）均未達標，且利息保障倍數為關鍵▼，造成評分明顯扣分；但流動性、現金流量與資產運用效率表現良好，部分扣分被抵銷，整體評為黃燈。,蜜望實公司2026Q2整體財務結構穩健，短期償債能力與現金流量充裕，資產運用效率高，存貨與應收帳款管理尚可。然而，最需關注的風險在於本業獲利能力偏弱（營業毛利率、稅後淨利率、營業利益率均低於標準），且利息保障倍數偏低，若未來利息費用上升或營運環境惡化，將加劇財務壓力。建議公司應優先改善本業獲利結構，提升產品附加價值與成本控制，同時審慎管理財務槓桿，避免利息負擔進一步擴大。
2026Q2,6114,久威,2,,,,,,,66,黃燈,"久威公司在流動比、速動比、現金比、負債總額 (%)、長期負債 (%)、流動負債 (%) 等短期及長期償債能力指標皆表現優異，顯示財務結構穩健，短期償債壓力極低。
現金流量比為-10.61，遠低於標準，顯示營運現金流嚴重不足，是本期最主要的財務風險。
資產報酬率、股東權益報酬率、總資產週轉率等獲利及資產運用效率指標偏低，顯示公司資產運用與獲利能力仍有待加強。
存貨佔營收比率、應付帳款 (%) 皆偏低，可能影響公司營運彈性與供應鏈議價能力，需留意營運週期管理。",本期評分66分，主要因現金流量比（▼）、資產報酬率（▼）、總資產週轉率（▼）、股東權益報酬率（▼）、存貨佔營收比率（▼）、應付帳款 (%)（▼）等指標表現不佳而扣分，雖然流動性及財務結構優異，但營運現金流及資產運用效率拉低整體評分，因此評等為黃燈。,久威公司2026Q2財務結構穩健，短期及長期償債能力極強，現金水位充足，負債比率低，顯示公司資本結構保守。然而，現金流量比為-10.61，營運現金流嚴重不足，為最主要的財務風險來源，若長期無法改善，將影響公司持續營運能力。此外，資產報酬率、股東權益報酬率及總資產週轉率偏低，代表資產運用效率及股東報酬不佳。建議公司加強營運現金流管理，提升營收與資產使用效率，並優化存貨及應付帳款管理，以改善整體財務體質。
2026Q2,6109,亞元 ,2,,,,,,,60,黃燈,"公司流動比、速動比、現金比等短期償債能力指標皆顯著優於標準，顯示短期資金流動性極佳。
現金流量比、利息保障倍數均為重大風險指標（▼），分別顯示現金流入不足與無法支付利息，財務壓力極大。
獲利能力指標（稅後淨利率、股東權益報酬率、資產報酬率、營業利益率）皆為負值，顯示公司正處於嚴重虧損狀態，經營績效不佳。
負債總額、流動負債、股東權益總額等財務結構指標皆屬優良，槓桿風險低，資本結構穩健。",本期評分為60分，屬於黃燈。主要扣分來自現金流量比與利息保障倍數（各重大風險各扣20分），以及獲利能力指標多項為負（共扣20分），雖然短期償債能力與資本結構優異，但獲利能力與現金流嚴重不足，導致評分僅達及格邊緣。,亞元公司2026Q2財務結構穩健，短期償債能力極強，現金水位充足，負債比低，資本結構優良。但最主要風險在於現金流量比與利息保障倍數均為重大負值，顯示營運現金流入嚴重不足且無法支付利息，並且多項獲利能力指標為負，反映公司處於持續虧損狀態。建議公司需優先改善本業經營效率、提升現金流入，並積極調整營運策略以扭轉虧損，否則即使短期資金無虞，長期將面臨資本侵蝕與經營風險。
2026Q2,2397,友通,2,,,,,,,66,黃燈,"友通公司在營業毛利率、每股稅後盈餘年成長率、資產報酬率、固定資產週轉率等獲利與效率指標表現優異，顯示本業及資產運用能力強。
現金流量比、速動比、負債總額 (%)、股東權益總額 (%) 等關鍵指標出現▼，顯示短期現金流動性及資本結構存在明顯風險。
流動比、現金比、利息保障倍數等指標仍維持於☆水準，顯示短期償債能力尚可，但須注意現金流狀況惡化的潛在壓力。
整體評分66分，屬於黃燈區間，顯示公司財務結構有部分警訊，需持續關注現金流與負債結構的改善。",本次評分66分，主要因現金流量比、負債總額 (%)、速動比等指標出現▼，分數遭扣減，雖然多項獲利與效率指標表現良好，但資本結構與短期流動性問題拉低了總分，故評為黃燈。,友通公司2026Q2財務結構整體尚屬穩健，營運獲利能力與資產運用效率佳，但須特別注意現金流量比為負（-28.04）、速動比偏低（78.99）、負債總額偏高（61.22%）、股東權益總額偏低（38.78%）等問題。這些指標顯示公司短期現金流動性與資本結構存在壓力，若未能有效改善，未來可能面臨償債風險與資金調度困難。建議公司加強現金流管理，嚴控負債水準，提升速動資產比重，並積極增強股東權益，以降低財務風險，確保長期穩健發展。
2026Q2,6569,醫揚,2,,,,,,,76,綠燈,"醫揚公司多數關鍵指標（如流動比、利息保障倍數、負債總額 (%)、現金比）均表現優異，顯示整體財務結構穩健。
營業毛利率、稅後淨利率、股東權益報酬率、資產報酬率等獲利能力指標均達到最高標準，反映公司核心營運能力強。
現金流量比及速動比出現▼，顯示短期現金流及流動資產結構需改善，為主要扣分來源。
業外損益佔營收比率偏高，需留意非本業收入或損失波動對公司獲利的影響。",本次評分76分，主要因公司在多項獲利、償債及資產運用指標表現優異，惟現金流量比、速動比、業外損益佔營收比率出現▼，因此扣分。整體仍屬綠燈，財務結構穩健。,醫揚公司2026Q2整體財務結構穩健，獲利能力強，資產運用效率高，負債比率低，流動資產充足。最大風險在於現金流量比為負值及速動比不足，顯示營運現金流短期壓力較大，流動資產結構需加強。此外，業外損益佔營收比率偏高，需審慎評估業外收入來源及其持續性。建議公司加強現金流管理，提升速動資產比重，並降低對業外損益的依賴，以維持長期穩健的財務狀況。
2026Q2,6284,佳邦科技,2,,,,,,,78,綠燈,"流動比、現金比、速動比皆符合或接近優秀標準，顯示短期償債能力強，現金流穩健。
負債總額 (%)、流動負債 (%)、長期負債 (%)、股東權益總額 (%)皆達優秀標準，資本結構穩健，整體財務風險低。
獲利能力指標如營業毛利率、稅後淨利率、營業利益率、總資產週轉率、固定資產週轉率多數落在普通區間，顯示獲利能力尚需提升。
股東權益報酬率及資產報酬率低於標準，為主要扣分項目，需加強資產運用及獲利能力。",評分78分，主要因流動性、資本結構、現金流、償債能力表現優秀而加分，但獲利能力（股東權益報酬率、資產報酬率）偏低造成扣分，部分獲利指標僅達普通標準，因此整體評分屬於穩健但尚有提升空間。,佳邦科技公司2026Q2財務狀況整體穩健，流動性與償債能力強，負債比率低且現金流充足，資本結構良好，無重大財務風險。最重要的風險在於獲利能力不足，股東權益報酬率與資產報酬率皆低於標準，顯示資產運用效率與股東回報偏低。建議公司加強營運效率、提升獲利能力，並持續監控收款及存貨管理，改善資產報酬率以增強股東價值。
2026Q2,6577,勁豐,2,,,,,,,84,綠燈,"公司多數獲利與資產運用指標均達到☆標準，如營業毛利率、稅後淨利率、股東權益報酬率、資產報酬率、固定資產週轉率等，顯示整體經營績效優異。
流動比、速動比、現金比等短期償債能力指標均遠高於標準，顯示公司流動性充足，無短期資金壓力。
現金流量比為-6.21，顯示營運現金流量不足，需注意現金流管理，這是唯一關鍵▼項。
業外損益佔營收比率過高（7.45），顯示獲利受業外項目影響較大，獲利穩定性需留意。",本期評分為84分，主要因多數指標達到☆標準，僅現金流量比與業外損益佔營收比率扣分，現金流量比屬關鍵▼項，扣分較多，其餘O項如存貨週轉率、存貨佔營收比率、流動負債 (%)、總資產週轉率等僅小幅扣分，整體財務結構穩健，故評分仍屬高檔。,勁豐公司2026Q2整體財務結構穩健，獲利能力及資產運用效率均優於一般標準，流動性與償債能力極佳。然而，現金流量比為負數，顯示營運現金流量不足，短期現金流管理需加強，若營運現金流持續為負，可能影響未來資金調度與償債能力。建議公司加強營運現金流管理，提升現金流入，並降低業外損益佔比，確保獲利來源穩定，減少業外項目對獲利波動的影響。
2026Q2,3714,富采,2,,,,,,,83,綠燈,"公司短期及長期償債能力極佳，流動比、速動比、現金比、負債總額 (%)、長期負債 (%)、流動負債 (%)等指標皆遠優於標準，顯示財務結構穩健。
獲利能力整體良好，稅後淨利率、資產報酬率、每股稅後盈餘年成長率等指標表現優異，但營業利益率為負，顯示本業獲利尚有改善空間。
業外損益佔營收比率偏高，顯示獲利多來自業外，需留意本業經營穩定性。
營運效率指標如存貨週轉率、固定資產週轉率表現良好，應收帳款週轉率與佔營收比率屬一般水準，收現風險可控。",本期評分為83分，主要因流動比、現金比、速動比、負債結構等關鍵指標皆獲高分，整體財務風險低。扣分主因為營業利益率為負（▼）、業外損益佔營收比率過高（▼），其餘多數指標為☆或O，整體表現屬優良。,富采公司2026Q2整體財務結構穩健，短期與長期償債能力極強，現金充裕，負債比率極低，財務風險極小。最大風險在於本業獲利能力不佳（營業利益率為負），且業外損益佔營收比率過高，顯示獲利來源過度依賴業外項目，若業外收益波動，將直接影響淨利。建議公司強化本業經營效率與獲利能力，降低對業外損益的依賴，以提升營運穩定性。
2026Q2,3224,三顧,2,,,,,,,60,黃燈,"流動比、速動比、現金比等短期償債能力指標均遠高於標準，顯示公司短期資金極為充裕。
現金流量比、利息保障倍數出現▼，分別顯示營運現金流不足及無法負擔利息，為重大財務風險。
獲利能力指標（稅後淨利率、營業利益率、股東權益報酬率、資產報酬率）皆為負值且標記▼，反映公司本期持續虧損，經營壓力大。
負債總額、流動負債、長期負債等結構指標均屬健康，顯示資本結構穩健，無明顯負債風險。",本期評分為60分，主要因現金流量比、利息保障倍數兩項關鍵指標為▼，各扣重大分數；同時獲利能力相關指標多為▼，再扣分。雖然短期償債能力與資本結構優異，但營運現金流與獲利能力嚴重不足，導致整體評分僅達黃燈水準。,三顧公司2026Q2財務結構整體穩健，短期與長期償債能力極強，現金水位充裕，負債比率偏低，資本結構優良。然而，最嚴重的風險在於營運現金流量比為負值，顯示公司本業現金流入明顯不足，且利息保障倍數為負，代表公司營運損失無法負擔利息支出。加上獲利能力指標（稅後淨利率、營業利益率、股東權益報酬率、資產報酬率）皆為負值，顯示公司本期仍處於虧損狀態。建議公司優先檢討本業經營策略，提升本業獲利與現金流入，並強化營運效率，以改善現金流與獲利結構，降低長期財務風險。
2026Q2,8271,宇瞻,2,,,,,,,71,綠燈,"宇瞻公司多數獲利能力指標（如營業毛利率、稅後淨利率、每股稅後盈餘年成長率、股東權益報酬率、資產報酬率等）皆大幅優於一般標準，顯示本業及整體獲利能力極強。
流動比、利息保障倍數、總資產週轉率等關鍵指標表現優異，短期償債能力與資產運用效率良好，財務結構穩健。
現金流量比及速動比為主要弱項，分別低於標準，顯示公司短期現金流動性及高流動性資產償債能力有壓力，需關注現金管理與資金調度。
存貨週轉率偏低，存貨管理效率需改善，否則可能造成資金壓力或存貨呆滯風險。",本次評分71分，主因多數指標均獲得最高分（☆），僅現金流量比、速動比、存貨週轉率出現▼，以及部分指標（如現金比、負債總額%、流動負債%、股東權益總額%、存貨佔營收比率）為O，造成部分扣分，但整體財務結構與獲利能力仍屬優異，故評比為綠燈。,宇瞻公司2026Q2整體財務表現優異，獲利能力、資產運用效率及長短期償債能力多數指標均遠優於產業標準。然而，現金流量比（15.07%）及速動比（66.76%）均低於標準，顯示公司在現金流動性與高流動性資產償債方面存在短期壓力，若遇突發資金需求或營運波動，恐影響支付能力。建議公司加強現金流管理、縮短存貨週轉天數、提升速動資產比重，並密切關注短期負債結構，以降低短期財務風險，確保營運穩健。
2026Q2,1303,南亞,2,,,,,,,78,綠燈,"南亞公司多數關鍵指標（如流動比、利息保障倍數、負債總額 (%)、現金比等）均明顯優於一般標準，顯示整體財務結構穩健，短期與長期償債能力俱佳。
現金流量比遠低於標準（10.64%），顯示營運產生現金流能力偏弱，需密切關注現金流狀況。
業外損益佔營收比率偏高（23.2%），代表公司獲利受業外因素影響較大，營運穩定性需加強。
應付帳款 (%) 過低（6.5%），可能壓縮公司資金運用彈性，需評估議價能力與上下游關係。",本期評分78分，屬於綠燈區間，主因多數指標表現優異，惟現金流量比、業外損益佔營收比率及應付帳款 (%) 出現▼，分別造成扣分，影響整體評分。其餘關鍵指標如流動比、負債總額 (%)、現金比等均為☆，有助於維持高分。,南亞公司2026Q2整體財務結構穩健，短期及長期償債能力充足，負債比率低，現金水位高，營運及獲利能力均屬優異。不過，現金流量比明顯偏低，顯示營運產生現金流的能力不足，若遇景氣反轉或資金需求增加，可能產生短期流動性壓力。此外，業外損益佔營收比率過高，獲利結構受非本業因素影響較大，建議加強本業經營穩定性，並強化現金流管理，提升營運現金流量，降低因業外波動帶來的風險。
2026Q2,3528,安馳,2,,,,,,,43,紅燈,"公司流動比、現金流量比、速動比、現金比皆低於標準，短期償債能力極弱，資金流動風險極高。
負債總額(%)及流動負債(%)遠高於標準，資本結構極度脆弱，財務槓桿過高。
存貨週轉率及存貨佔營收比率顯示存貨積壓嚴重，資金效率低，營運風險大。
股東權益總額(%)過低，顯示公司資本結構脆弱，抗風險能力不足。",本期評分43分，主要扣分來自現金流量比、負債總額(%)、速動比、現金比、流動負債(%)、股東權益總額(%)等指標皆為▼，顯示公司資金流動性及資本結構風險極高。雖然獲利能力部分指標表現優異，但財務安全性嚴重不足，因此評分偏低，燈號為紅燈。,安馳公司2026Q2財務風險極高，最主要風險為資金流動性不足與資本結構脆弱。現金流量比、速動比、現金比均遠低於標準，短期償債能力極弱，若遇資金需求或外部環境變動，易陷入流動性危機。負債總額(%)及流動負債(%)過高，資本結構不健康，抗風險能力不足。存貨積壓嚴重，資金運用效率低，營運風險大。建議公司積極改善資金流動性，降低負債比率，加強存貨管理與資本結構，以提升財務安全性與營運穩健度。
2026Q2,6761,穩得,2,,,,,,,79,綠燈,"公司多數獲利與資本結構指標（如營業毛利率、稅後淨利率、股東權益報酬率、資產報酬率、營業利益率、負債總額 (%)、股東權益總額 (%)）均符合最佳標準，整體獲利能力與資本結構穩健。
現金流量比與速動比皆低於標準（▼），顯示短期現金流償債能力存在明顯風險，需特別關注營運現金流狀況。
流動比、現金比、利息保障倍數等關鍵償債指標均達最佳標準，短期與利息償付能力整體良好。
應收帳款週轉率、存貨週轉率、應收帳款佔營收比率、應付帳款 (%) 等營運效率指標多屬中等標準，需持續優化營運週轉效率。",本期評分為79分，主要因現金流量比與速動比皆為▼（扣分），其餘多數指標皆符合☆標準，整體財務結構穩健，僅現金流與速動資產需改善。,穩得公司2026Q2整體財務結構穩健，獲利能力與資本結構均達最佳標準，短期償債能力良好。然而，現金流量比為負值且速動比低於標準，顯示營運現金流償債能力不足，可能導致短期資金壓力。建議公司加強營運現金流管理，提升速動資產比率，並持續優化應收帳款與存貨週轉效率，以降低現金流風險，確保財務健康。
2026Q2,6411,晶焱,2,,,,,,,86,綠燈,"短期償債能力極佳：流動比、速動比、現金比等關鍵指標均為☆，顯示公司短期資金充裕，無流動性風險。
財務結構穩健：負債總額 (%)、股東權益總額 (%)均為☆，資本結構良好，抗風險能力強。
獲利能力強勁但結構需改善：營業毛利率、稅後淨利率、每股稅後盈餘年成長率等指標表現優異，但營業利益率為▼，顯示本業獲利力需加強。
業外損益占比過高：業外損益佔營收比率為▼，獲利結構過度依賴業外收益，需注意本業經營穩定性。",本期評分86分，主要因短期償債能力、資本結構、資產運用效率等多數指標表現優異，僅因營業利益率及業外損益佔營收比率為▼，各扣7分，共扣14分，其他指標未見重大缺失，因此獲得高分並亮綠燈。,晶焱公司2026Q2整體財務結構穩健，短期償債能力極強，負債比低，資產運用效率佳，整體風險偏低。然而，需特別留意本業獲利能力偏弱（營業利益率僅2.54%，低於標準），且業外損益佔營收比率過高（24.6%），顯示本期獲利高度依賴非本業來源，未來若業外收益減少，獲利將受衝擊。建議公司加強本業經營效率，提升營業利益率，降低對業外收益的依賴，以確保長期穩健發展。
2026Q2,2303,聯電,2,,,,,,,93,綠燈,"流動比、現金流量比、速動比、現金比皆遠高於標準，顯示公司短期償債能力極強，流動性風險極低。
利息保障倍數、負債總額 (%)、股東權益總額 (%)、長期負債 (%)等財務結構指標皆優異，財務槓桿低，資本結構健康。
營業毛利率、稅後淨利率、營業利益率、股東權益報酬率、資產報酬率等獲利能力指標皆遠高於標準，顯示獲利能力極佳。
唯一風險指標為業外損益佔營收比率，顯示公司營收高度受業外損益影響，需關注非營業收入波動帶來的潛在風險。",本期評分為93分，主要因所有關鍵指標皆符合最高標準（☆），僅業外損益佔營收比率出現▼，造成扣分。其他指標如總資產週轉率、固定資產週轉率、應付帳款 (%)落在O區間，對評分影響有限。整體財務結構與獲利能力極佳，評分高。,聯電公司2026Q2財務狀況極為穩健，流動性、償債能力、獲利能力及資本結構均優於一般標準，無明顯財務風險。唯一需注意的是業外損益佔營收比率偏高，顯示公司營收高度依賴業外損益，未來若業外損益波動，可能對獲利造成影響。建議公司強化核心本業收入，降低業外損益對整體營收及獲利的影響，以提升財務穩健度。
2026Q2,4938,和碩,2,,,,,,,47,紅燈,"和碩公司現金流量比、負債總額 (%)、速動比均為▼，顯示現金流動性及整體償債能力極度不足，是本期最大風險。
營業毛利率、稅後淨利率、營業利益率皆低於標準，反映核心營運獲利能力偏弱，需加強產品價值與成本管理。
股東權益總額 (%)、流動負債 (%)皆偏離標準，財務結構脆弱，資本安全性不足。
部分指標如每股稅後盈餘年成長率、存貨週轉率、固定資產週轉率等表現優異，資產運用效率佳，但無法彌補現金流及獲利能力的重大缺陷。",本期評分為47分，主要因現金流量比、負債總額 (%)、速動比、營業毛利率、稅後淨利率、營業利益率、股東權益總額 (%)、流動負債 (%)等多項指標皆為▼，大幅扣分。雖有部分資產運用效率指標加分，但整體財務結構及現金流動性問題嚴重，導致評分偏低。,和碩公司2026Q2財務風險主要集中於現金流量不足、負債比率過高、速動比偏低及核心獲利能力弱。現金流量比為-40.36，顯示營運現金流極度不足，短期償債壓力大；負債總額占資產比重達62.17%，財務槓桿過高，增加違約風險；速動比僅81.11，資金流動性不足；營業毛利率、稅後淨利率、營業利益率皆遠低於標準，反映核心營運效率與獲利能力需大幅改善。建議公司優先改善現金流量、調整負債結構、加強成本控管及提升產品附加價值，降低財務風險並強化營運競爭力。
2026Q2,5289,宜鼎,2,,,,,,,96,綠燈,"宜鼎公司在流動比、速動比、現金比等短期償債能力指標均遠高於標準，顯示流動性極佳。
獲利能力指標（營業毛利率、稅後淨利率、營業利益率、股東權益報酬率、資產報酬率）皆極高，營運效率優異。
財務結構穩健，負債總額 (%)、流動負債 (%)、長期負債 (%)、股東權益總額 (%) 均落在最佳標準區間，無槓桿風險。
現金流量比雖僅落在一般標準區間，但整體現金流與償債能力仍屬安全，無重大現金流風險。",本期評分為96分，主要因所有關鍵指標皆符合最佳標準，僅現金流量比（23.37）落於一般標準區間，扣除少量分數，其餘指標均無扣分，整體財務風險極低。,宜鼎公司2026Q2整體財務狀況極為穩健，所有關鍵指標皆符合最佳標準，流動性、獲利能力、資產運用效率、償債能力均無明顯風險。唯一需持續關注的是現金流量比，雖然尚在安全區間，但建議加強營運現金流管理，以確保未來資金調度靈活度。建議公司持續提升現金流量與資產週轉效率，並維持現有高獲利與低負債結構，確保財務健康。
2026Q2,2337,旺宏,2,,,,,,,94,綠燈,"旺宏公司2026Q2整體財務結構極為穩健，流動比、現金流量比、速動比、現金比、負債總額 (%) 及利息保障倍數等關鍵指標皆遠優於一般標準，顯示短期及長期償債能力極強。
獲利能力表現突出，營業毛利率、稅後淨利率、營業利益率、股東權益報酬率、資產報酬率等指標均大幅優於標準，營運效率及股東回報極佳。
資產及資金運用效率良好，應收帳款週轉率、固定資產週轉率等指標表現優異，應收帳款佔營收比率及存貨佔營收比率亦處於健康水準。
唯一需留意者為應付帳款 (%) 低於10%，未充分利用供應商資金，資金運用效率尚可加強。",本期評分為94分，主要因所有關鍵指標（流動比、現金流量比、利息保障倍數、負債總額 (%)、速動比、現金比）皆獲得最高等級，僅應付帳款 (%) 一項落於▼區間扣分，其餘指標均符合或優於標準，因此整體評分極高，顯示公司財務體質極為健全。,旺宏公司2026Q2財務狀況極為穩健，短期及長期償債能力、現金流量與獲利能力均屬業界頂尖，財務風險極低。唯一需注意的是應付帳款 (%) 偏低，顯示公司對供應商資金的利用度有限，未充分發揮財務槓桿效益。建議公司可適度調整付款條件，提升資金運用效率，進一步優化資本結構。整體而言，旺宏公司目前無重大財務風險，建議持續維持現有良好財務政策。
2026Q2,6153,嘉聯益,2,,,,,,,49,紅燈,"獲利能力極差：營業毛利率、稅後淨利率、營業利益率、股東權益報酬率、資產報酬率等多項獲利指標皆為負值，顯示公司核心營運嚴重虧損。
現金流與利息償付風險高：現金流量比為負，利息保障倍數亦為負值，短期現金流量嚴重不足，無法支應利息費用，財務壓力極大。
資本結構尚可：流動比、速動比、現金比、股東權益總額比率等皆達優良標準，顯示短期償債能力與資本結構尚稱穩健。
資產運用及業外損益波動大：總資產週轉率偏低，業外損益佔營收比率過高，顯示資產運用效率不佳，且非本業損益對公司獲利影響大，經營穩定性不足。",本次評分49分，主要因多項獲利能力指標（如營業毛利率、稅後淨利率、營業利益率、股東權益報酬率、資產報酬率等）及現金流量比、利息保障倍數皆為▼，大幅扣分，僅部分流動性與負債結構指標獲得加分，整體財務風險極高，評為紅燈。,嘉聯益2026Q2財報顯示，公司獲利能力極度低落，現金流量及利息償付能力嚴重不足，營運持續虧損，且業外損益波動大，均屬重大財務風險。儘管短期償債能力與資本結構尚可，但若無法改善本業獲利與現金流狀況，將面臨資金斷鏈與財務惡化風險。建議積極調整營運策略、強化本業獲利、嚴控費用並提升現金流量，以降低財務危機發生機率。
2026Q2,3023,信邦,2,,,,,,,80,綠燈,"信邦公司在獲利能力（營業毛利率、稅後淨利率、每股稅後盈餘年成長率、股東權益報酬率、資產報酬率等）表現優異，均達到或超越優良標準。
短期償債能力（流動比、速動比、現金比）整體良好，現金比特別突出，但速動比略低於優良標準，仍屬安全範圍。
現金流量比遠低於標準（7.45%），顯示經營現金流入明顯不足，是目前最需關注的財務風險。
負債結構屬於一般水準（負債總額52.87%、股東權益總額47.13%），尚無明顯壓力，但建議持續關注負債水位變化。",本次評分80分，主要因大多數指標表現良好，特別是在獲利能力、資產運用效率及現金比等方面均達優良標準，僅現金流量比落於▼區造成扣分，其他如存貨週轉率、速動比、負債總額等部份指標為O，影響評分但未造成重大風險，因此整體給予綠燈。,信邦公司2026Q2整體財務結構穩健，獲利能力強，資產與現金運用效率高，短期及長期償債能力均屬良好。最需注意的風險為現金流量比（7.45%），顯示公司經營活動產生的現金流量明顯不足，若未能改善，可能對短期資金調度與營運穩定性造成壓力。建議加強應收帳款回收、優化存貨管理，並審慎控管支出，以提升經營現金流量，確保未來現金流穩定。
2026Q2,6285,啟碁,2,,,,,,,56,黃燈,"現金流量比、現金比、速動比皆顯著低於標準，顯示流動性與現金償債能力存在重大風險。
負債總額 (%)、流動負債 (%)、股東權益總額 (%)皆落入▼，資本結構偏弱，整體負債壓力大。
營業毛利率、稅後淨利率、營業利益率皆落於O，獲利能力普通，但每股盈餘年成長率、資產報酬率等指標表現優異。
固定資產週轉率、存貨週轉率、應收帳款週轉率等效率指標均為☆，反映營運效率良好。",本期評分56分，主要扣分來自現金流量比、現金比、速動比、負債總額 (%)、股東權益總額 (%)等4項▼指標，以及流動負債 (%)的▼，顯示公司流動性與資本結構存在明顯風險。營運效率與獲利成長性表現佳，但流動性與負債壓力需加強改善。,啟碁公司2026Q2財務狀況整體呈現營運效率高、獲利成長性佳的優勢，但流動性與資本結構風險突出。現金流量比、現金比、速動比皆低於標準，現金償債能力不足，若遇資金需求或外部環境變動，短期償債壓力將顯著提升。負債總額及流動負債比率高，股東權益占比偏低，抗風險能力有限。建議公司提升現金流量管理、降低短期負債比重，加強資本結構，提升現金儲備，以強化財務安全與抗風險能力。
2026Q2,3033,威健,2,,,,,,,54,黃燈,"現金流量比、現金比、速動比皆為▼，顯示短期流動性極為不足，現金水位過低，短期償債壓力大。
負債總額 (%)、流動負債 (%) 皆明顯高於標準，財務槓桿過高，資本結構風險顯著。
營業毛利率明顯低於產業標準，獲利能力偏弱，需改善成本結構或提升毛利。
雖然獲利成長率、資產運用效率等部分指標表現亮眼，但關鍵流動性與槓桿指標惡化，拉低整體評分。",本次評分為54分，主要因現金流量比、現金比、速動比、負債總額 (%) 等關鍵指標皆為▼，每項扣分顯著，雖部分獲利與效率指標表現良好，但流動性與槓桿風險拖累整體分數。,威健公司2026Q2財務結構呈現明顯流動性與槓桿風險。現金流量比、現金比、速動比皆遠低於標準，顯示公司短期現金償債能力極弱，若遇市場波動或資金緊縮，恐面臨資金斷鏈壓力。同時，負債總額 (%)、流動負債 (%) 過高，資本結構失衡，抗風險能力薄弱。建議公司積極改善現金流，降低短期與總體負債比重，強化自有資本，並檢討毛利結構，以提升整體財務穩健度。
2026Q2,6715,嘉基,2,,,,,,,54,黃燈,"流動比、速動比、現金比、負債總額 (%)、股東權益總額 (%) 均達優良標準，顯示公司短期償債能力及資本結構穩健。
現金流量比、利息保障倍數均為▼，現金流量與獲利不足以支應利息支出，短期資金流動及償債風險需特別注意。
稅後淨利率、每股稅後盈餘年成長率、總資產週轉率、股東權益報酬率、營業利益率、資產報酬率皆為▼，顯示公司獲利能力與資產運用效率低落。
存貨週轉率、應收帳款週轉率、固定資產週轉率、存貨佔營收比率、應收帳款佔營收比率等多項營運效率指標為O，反映營運效率普通但尚可改善。",本期評分為54分，主要因獲利能力、資產運用效率及現金流量保障能力不佳（多項指標為▼），扣分項目包括現金流量比、利息保障倍數、稅後淨利率、每股稅後盈餘年成長率、總資產週轉率、股東權益報酬率、營業利益率、資產報酬率等。雖然短期償債能力與資本結構穩健，但獲利與營運效率低落，整體評分僅達黃燈。,嘉基公司2026Q2財報顯示，雖然流動資產充足、現金比高、負債比低，短期償債與資本結構無虞，但獲利能力極弱（稅後淨利率、營業利益率、資產報酬率均為負值），且現金流量保障能力不足，利息保障倍數為負，代表營運產生的現金與獲利無法支應利息支出，存在重大償債風險。建議公司應積極提升營業獲利、改善現金流量，並加強資產運用效率，避免資金流動危機與營運虧損持續擴大。
2026Q2,6416,瑞祺,2,,,,,,,66,黃燈,"瑞祺公司多數獲利與資本結構指標（如營業毛利率、稅後淨利率、股東權益總額、資產報酬率等）皆符合優良標準，顯示獲利能力與資本結構穩健。
現金流量比、速動比、現金比均為▼，顯示短期現金償債能力不足，是本期最主要的財務風險。
存貨週轉率及存貨佔營收比率皆為▼，存貨積壓嚴重，資金效率低，需加強存貨管理。
流動比、利息保障倍數、固定資產週轉率等關鍵指標皆為☆，證明公司整體流動性與營運效率尚可，但短期現金流壓力需特別留意。",本期評分為66分，主要因現金流量比、速動比、現金比三項▼扣分，以及存貨週轉率、存貨佔營收比率兩項▼，反映公司短期現金流及存貨積壓風險，雖然多數獲利與資本結構指標表現優良，但短期流動性與資金效率不足，故評分未達綠燈標準。,瑞祺公司2026Q2整體獲利能力與資本結構表現優異，多項指標皆達優良標準。然而，短期現金流量比、速動比、現金比均為▼，顯示現金償債能力不足，營運資金壓力大；同時存貨週轉率及存貨佔營收比率也顯示存貨積壓嚴重，資金效率低。建議公司加強現金流管理，提升速動資產比率，並優化存貨管理，降低存貨占用資金，以強化短期償債能力並提升整體財務安全性。
2026Q2,8112,至上,2,,,,,,,44,紅燈,"現金流量比、現金比、速動比均為▼，顯示短期償債能力極弱，流動性風險極高。
負債總額 (%)、股東權益總額 (%)、流動負債 (%)均為▼，資本結構極度不穩，財務槓桿過高。
營業毛利率、稅後淨利率、營業利益率皆偏低，核心獲利能力不足，需改善營運效率。
部分獲利及資產運用指標（如每股盈餘成長率、股東權益報酬率、資產報酬率、固定資產週轉率）表現優異，但無法彌補流動性與槓桿風險。",本期評分44分，主要因現金流量比、現金比、速動比、負債總額 (%)、股東權益總額 (%)、流動負債 (%)等關鍵指標均為▼，大幅扣分。營業毛利率、稅後淨利率也低於標準，進一步拉低評分。雖部分獲利與資產運用指標表現優異，但流動性與資本結構風險嚴重，導致整體評分偏低。,至上公司2026Q2財務狀況顯示，流動性與資本結構風險極高，特別是現金流量比、現金比、速動比均遠低於標準，短期償債能力極弱，極易發生資金斷鏈危機。負債總額高達85.96%，股東權益僅佔14.04%，槓桿過高，抗風險能力極弱。建議公司優先改善現金流量、增加現金持有，降低短期負債比重，並強化營運獲利能力，提升毛利率與淨利率，逐步調整資本結構以降低財務風險。
2026Q2,8213,志超,2,,,,,,,79,綠燈,"公司流動比（177.3）、速動比（141.8）、現金比（56.65）皆遠高於標準，顯示短期償債能力極佳，流動性風險低。
負債總額（47.82%）、長期負債（6.18%）、股東權益總額（52.18%）均符合或優於標準，資本結構穩健，整體財務風險低。
現金流量比為-15.97，顯示營運現金流短期壓力大，為主要警訊，需密切關注現金流狀況。
獲利能力指標如營業毛利率、稅後淨利率、股東權益報酬率等均未達優異標準，尤其股東權益報酬率（3.95%）偏低，需加強獲利能力。",本次評分為79分，主要因流動性、負債結構、資產運用等多項指標達到優良或一般標準，但因現金流量比（▼）及股東權益報酬率（▼）扣分，獲利能力尚有不足，整體仍屬財務穩健之公司。,志超公司2026Q2整體財務結構穩健，流動性極佳，短期償債能力強，負債比率與資本結構屬健康水準。然而，現金流量比為-15.97，顯示營運現金流為負，短期現金流壓力大，應特別加強現金流管理，避免流動性風險擴大。此外，獲利能力指標偏弱，股東權益報酬率僅3.95%，需提升本業獲利與資產運用效率。建議公司加強營運現金流管理、優化收款流程、提升本業獲利能力，以強化長期競爭力與財務穩健度。
2026Q2,8068,全達,2,,,,,,,38,紅燈,"流動性指標（流動比、速動比、現金比、現金流量比）多項低於標準，顯示短期資金壓力嚴重。
獲利能力指標（稅後淨利率、每股稅後盈餘年成長率、營業利益率、資產報酬率、股東權益報酬率）均為負值或大幅低於標準，經營績效不佳。
利息保障倍數極低，代表公司營運現金流無法支應利息支出，財務風險高。
雖然負債結構與資產運用效率（如固定資產週轉率）尚佳，但無法彌補現金流與獲利的重大缺口。",本期評分為38分，主要因現金流量比、利息保障倍數、速動比、現金比等關鍵指標皆為▼，且多項獲利能力指標（如稅後淨利率、營業利益率、資產報酬率、股東權益報酬率）也表現不佳，導致評分大幅扣分，整體財務風險偏高。,全達公司2026Q2財報顯示，最大風險來自於現金流量與短期償債能力極度不足，現金流量比、速動比、現金比均遠低於標準，短期資金調度壓力大，易發生資金斷鏈。此外，利息保障倍數過低，代表營運現金流無法支應利息支出，若無法改善現金流，將面臨債務違約或營運困難。建議公司積極改善現金流，如加速應收帳款回收、降低非必要支出、審慎控管存貨及加強獲利能力，以提升財務體質，降低財務風險。
2026Q2,3008,大立光,2,,,,,,,88,綠燈,"流動比、現金流量比、速動比、現金比等短期償債指標皆遠高於標準，顯示公司短期財務安全。
利息保障倍數、負債總額 (%)、流動負債 (%)、股東權益總額 (%)等負債與資本結構指標皆優異，整體財務結構穩健。
營業毛利率、稅後淨利率、營業利益率、資產報酬率等獲利指標皆高於標準，獲利能力極強。
總資產週轉率及業外損益佔營收比率為唯一▼標記，需注意資產運用效率與業外損益波動風險。",本期評分88分，主要因大部分關鍵指標皆達最佳標準（☆），僅總資產週轉率與業外損益佔營收比率為▼，各扣分，其餘指標多為☆或O，整體財務風險極低，評分高。,大立光2026Q2整體財務狀況極為穩健，短期及長期償債能力皆優異，獲利能力強，負債壓力極低。唯一需注意的風險為總資產週轉率偏低，顯示資產運用效率不佳，可能有資產閒置或投資效率不高的問題。此外，業外損益佔營收比率偏高，需留意業外收入或損失對公司獲利的波動影響。建議持續提升資產運用效率，並加強業外損益控管，以維持長期穩健成長。
2026Q2,8114,振樺電,2,,,,,,,78,綠燈,"振樺電在獲利能力指標（如營業毛利率、稅後淨利率、營業利益率、資產報酬率、股東權益報酬率）均明顯高於標準，展現強勁的獲利與資產運用能力。
資本結構穩健，負債總額與股東權益總額皆符合最佳標準，長期與短期償債壓力低，流動比與現金比亦顯示流動資產充足。
現金流量比及速動比出現▼，顯示公司短期現金流動性有風險，需關注營運現金流負值與流動資產保障不足的問題。
每股稅後盈餘年成長率為負值，獲利成長動能減弱，需留意未來獲利穩定性。",本期評分78分，主要因獲利能力、資本結構及資產運用效率皆優異，僅現金流量比（▼）、速動比（▼）、每股稅後盈餘年成長率（▼）三項指標扣分，整體財務風險偏低，故給予綠燈評等。,振樺電2026Q2整體財務狀況穩健，獲利能力與資本結構均表現優異，短期償債能力強，現金充足。然而，營運現金流量比為負值且速動比低於標準，顯示現金流動性存在短期風險。建議公司加強營運現金流管理，提升速動資產比率，並針對獲利成長動能下滑提出改善策略，以維持長期穩健發展。
2026Q2,2474,可成,2,,,,,,,49,紅燈,"現金流量比與現金比皆為▼，顯示公司短期現金流動性極度不足，屬於主要財務風險。
存貨週轉率、存貨佔營收比率、固定資產週轉率、總資產週轉率皆為▼，資產運用效率極低，資金積壓嚴重。
營業利益率、股東權益報酬率、應付帳款 (%)、業外損益佔營收比率皆為▼，營業獲利能力弱且非本業損益異常，需警惕獲利品質。
流動比、速動比、負債總額 (%)、股東權益總額 (%)、利息保障倍數皆為☆，顯示資本結構及償債能力具備一定基礎，但無法彌補現金流與獲利品質問題。",評分49分主要扣分來自現金流量比、現金比、存貨週轉率、存貨佔營收比率、固定資產週轉率、總資產週轉率、營業利益率、股東權益報酬率、應付帳款 (%)、業外損益佔營收比率等多項▼指標，顯示公司存在多重財務風險，雖部分償債能力與資本結構符合標準，但整體財務狀況仍屬高風險。,可成公司2026Q2雖部分獲利指標如營業毛利率、稅後淨利率、每股稅後盈餘年成長率表現亮眼，且資本結構穩健，流動比、速動比、負債總額 (%)、股東權益總額 (%)皆符合標準，但現金流量比與現金比極低，顯示公司短期現金流動性嚴重不足，若遇資金需求或突發事件，將面臨償債壓力。存貨週轉率、存貨佔營收比率、固定資產週轉率、總資產週轉率等資產運用效率偏低，資金積壓明顯，營業利益率、股東權益報酬率、應付帳款 (%)、業外損益佔營收比率皆顯示獲利品質不佳，需警惕非本業損益異常。建議公司加強現金流管理、提升資產運用效率、改善營業獲利品質，降低財務風險。
2026Q2,3090,日電貿,2,,,,,,,72,綠燈,"流動比、速動比、負債總額 (%)、股東權益總額 (%) 等指標均顯示公司短期償債能力與資本結構穩健，屬於低風險。
獲利能力指標（稅後淨利率、每股稅後盈餘年成長率、營業利益率、股東權益報酬率、資產報酬率）皆達到優秀標準，顯示公司營運績效良好。
現金流量比與現金比均落於▼標記，顯示現金流量狀況不佳，短期現金償債能力需改善。
業外損益佔營收比率超標，業外項目對營收影響大，需注意其來源與穩定性，避免潛在風險。",本期評分為72分，主要扣分項目為現金流量比、現金比與業外損益佔營收比率，各落於▼標記；其餘關鍵指標表現良好，流動性、資本結構及獲利能力均達到標準，因此整體為綠燈。,日電貿公司2026Q2整體財務結構穩健，獲利能力強，資本結構良好，短期償債能力充足。然而，現金流量比為負值且現金比偏低，顯示營運現金流量不足，短期現金償債能力存在風險。建議公司加強營運現金流管理，提升現金儲備，並審慎評估業外損益來源以降低營收波動風險。
2026Q2,3669,圓展,2,,,,,,,96,綠燈,"圓展公司在流動比、現金流量比、速動比、現金比等短期償債能力指標均大幅優於標準，顯示資金流動性極佳。
利息保障倍數、負債總額 (%)、股東權益總額 (%) 等財務結構指標表現優異，財務風險極低。
獲利能力指標如營業毛利率、稅後淨利率、營業利益率、資產報酬率等均為高分，顯示公司營運績效強勁。
僅有存貨週轉率、總資產週轉率、股東權益報酬率、應付帳款 (%) 等少數指標為 O，無任何▼，整體結構穩健。",評分96分，主因為所有關鍵指標均獲得最高分（☆），且無任何▼，僅在存貨週轉率、總資產週轉率、股東權益報酬率、應付帳款 (%) 等非關鍵指標略有扣分（每項扣1分），整體表現極為優異。,圓展公司2026Q2整體財務體質非常穩健，短期償債能力、現金流量、資本結構均處於極佳水準，無重大財務風險。唯一需留意者為存貨週轉率、總資產週轉率及股東權益報酬率等指標表現尚可但未達最佳，建議持續優化存貨管理及資產運用效率，以提升整體獲利能力與資源利用效益。
2026Q2,8155,博智,2,,,,,,,96,綠燈,"博智公司關鍵指標（流動比、現金流量比、利息保障倍數、負債總額 (%)、速動比、現金比）皆獲得最高等級（☆），顯示公司短期及長期償債能力極佳，現金流穩定，財務結構健康。
營業毛利率、稅後淨利率、股東權益報酬率、資產報酬率、固定資產週轉率等獲得☆，代表公司獲利能力強，資產運用效率高。
僅應收帳款週轉率、總資產週轉率、應付帳款 (%)、應收帳款佔營收比率等少數指標為O，顯示在資金回收與部分資產運用效率上有優化空間，但未達風險警戒。
無任何指標出現▼，顯示財務體質極為健全，整體風險極低。",本期評分96分，主要因大部分指標均為☆，僅有4項指標為O（應收帳款週轉率、總資產週轉率、應付帳款 (%)、應收帳款佔營收比率），因此略有扣分，但無任何▼，整體評分極高，反映公司財務狀況穩健。,博智公司2026Q2整體財務結構極為穩健，短期與長期償債能力俱佳，現金流量充裕，負債比低，獲利能力強。主要需注意的風險為應收帳款週轉率及應收帳款佔營收比率，顯示資金回收效率尚有提升空間，建議持續加強應收帳款管理，縮短回收週期，防範潛在呆帳風險。整體而言，財務風險極低，建議維持現有良好財務結構，並持續優化資金運用效率。
2026Q2,6462,神盾,2,,,,,,,44,紅燈,"現金流量比、利息保障倍數、速動比皆為▼，顯示公司短期現金流及償債能力極度不足，財務風險高。
營業利益率、稅後淨利率、資產報酬率、股東權益報酬率皆為負值，反映本業及整體經營持續虧損。
負債總額、流動負債、長期負債、現金比、固定資產週轉率等結構性指標表現優良，資本結構穩健。
業外損益佔營收比率偏高，獲利結構不穩，應收帳款週轉率及存貨週轉率表現佳，資金回收效率良好。",本期評分44分，主要因多項關鍵指標（現金流量比、利息保障倍數、速動比）出現▼，以及本業持續虧損、資產報酬率與股東權益報酬率為負，導致評分大幅扣分，雖部分資本結構及資產運用指標優異，但無法彌補獲利及現金流的重大缺口。,神盾公司2026Q2雖然資本結構穩健（負債總額、流動負債、長期負債皆低），現金比與固定資產週轉率亦表現優異，但本期現金流量比、利息保障倍數、速動比皆嚴重不達標，顯示公司現金流入不足，短期償債及營運資金壓力極大。同時，營業利益率、稅後淨利率、資產報酬率、股東權益報酬率皆為負值，反映本業獲利能力極弱且持續虧損，且業外損益佔營收比重過高，獲利結構不穩。建議公司應優先改善本業獲利能力，強化現金流管理，並審慎控管費用與資本支出，避免資金鏈斷裂，確保營運穩定。
2026Q2,4980,佐臻,2,,,,,,,96,綠燈,"公司流動比（1256）、速動比（1170）、現金比（1045）皆遠高於標準，顯示短期償債能力極佳，流動性風險極低。
負債總額（8.3%）、流動負債（5.35%）、長期負債（2.51%）均顯著低於標準，財務槓桿風險極低，結構非常穩健。
股東權益總額（91.7%）極高，代表公司資本結構健全，自有資本充足。
唯一出現▼標記的指標為應付帳款（3.76%），低於標準下限，需留意資金運用效率，但對整體財務風險影響有限。",本次評分為96分，主要因所有關鍵指標均為☆，公司流動性及財務結構極為穩健，僅應付帳款 (%) 一項出現▼標記，造成少量扣分，整體風險極低，評為綠燈。,佐臻公司2026Q2的財務結構極為穩健，流動性與現金水位充裕，負債比率極低，短期與長期償債能力皆無虞，整體財務風險極低。唯一需注意的是應付帳款比例過低，可能代表公司未善用供應商資金，有資金運用效率提升空間。建議公司可適度調整應付帳款管理策略，提升資金周轉效率，進一步優化財務結構。
2026Q2,2451,創見,2,,,,,,,95,綠燈,"流動比、現金流量比、速動比、現金比等短期償債能力指標皆大幅優於標準，顯示公司資金調度靈活，財務風險極低。
利息保障倍數、負債總額 (%)、股東權益總額 (%) 等資本結構指標表現優異，負債比極低，財務結構穩健。
營業毛利率、稅後淨利率、營業利益率、資產報酬率等獲利能力指標均遠高於標準，代表公司營運績效極佳。
唯一需注意為存貨週轉率低於標準，顯示存貨管理效率較弱，存貨積壓風險需持續關注。",本期評分為95分，主要因各項關鍵指標均大幅優於標準，僅存貨週轉率一項出現▼，造成部分扣分，但未達重大風險，整體財務結構極為穩健。,創見公司2026Q2整體財務狀況極為優異，短期償債能力、現金流量、資本結構及獲利能力均大幅優於產業標準，無明顯財務壓力。唯一需注意的是存貨週轉率偏低，可能導致存貨積壓與資金占用，建議公司加強存貨管理，優化存貨結構，以進一步降低營運風險。其餘指標皆顯示公司財務體質健全，未來具高度成長潛力。
2026Q2,6831,邁萪,2,,,,,,,83,綠燈,"公司多數指標表現優異，包括營業毛利率、稅後淨利率、流動比、利息保障倍數、負債總額 (%)、速動比、現金比等，顯示整體財務結構穩健。
現金流量比低於標準（13.71%），顯示短期現金流壓力需關注，為本期唯一關鍵▼指標。
應收帳款佔營收比率偏高（47.42%），反映資金回收效率需加強，應收帳款週轉率亦僅屬普通。
公司營收及獲利成長動能強，資產運用效率與現金流動性良好，整體風險屬低檔。",本期評分83分，主要因現金流量比（▼）及應收帳款佔營收比率（▼）扣分，其餘多數關鍵指標表現優異，整體維持綠燈水準。,邁萪公司2026Q2財務結構整體穩健，關鍵指標多數優於標準，顯示短期償債能力、獲利能力及資金調度均具競爭力。唯一明顯風險在於現金流量比偏低，短期現金流壓力較大，若未能有效提升營運現金流，可能影響未來資金運作與應急能力。此外，應收帳款佔營收比率偏高，需加強應收帳款管理與資金回收效率。建議公司加強現金流管理，縮短收款週期，提升現金流動性，以進一步降低財務風險。
2026Q2,6412,群電,2,,,,,,,68,黃燈,"流動比、速動比皆達一般或優良標準，短期償債能力尚可，但現金流量比為負值，顯示現金流動性存在風險。
獲利能力指標如稅後淨利率、股東權益報酬率、資產報酬率、每股盈餘成長率均表現優良，營業毛利率及營業利益率則未達優良標準，營業獲利結構需改善。
負債總額 (%)、股東權益總額 (%) 均落於一般標準區間，資本結構尚可但槓桿略高，需留意財務風險。
業外損益佔營收比率過高，獲利來源不穩定，需降低業外損益佔比，提升營業本業獲利。",本期評分為68分，主要扣分來源為現金流量比（▼）、營業利益率（▼）、業外損益佔營收比率（▼），這些指標反映流動性與本業獲利能力存在明顯風險。其他如現金比、負債總額 (%)、速動比等雖為一般標準，但未達優良，整體評分因此落於黃燈區間。,群電2026Q2財務狀況整體尚可，但最大風險在於現金流量比為負值，顯示營業活動現金流量不足，短期現金償債能力低，若遇資金需求或突發事件，流動性風險高。營業利益率偏低及業外損益佔營收比率過高，顯示本業獲利能力需加強，獲利來源過度依賴業外項目，穩定性不足。建議加強營業本業獲利結構，提升營業利益率，並改善現金流量管理，降低業外損益佔比，強化現金流動性與本業獲利能力，確保公司財務安全。
2026Q2,3715,定穎投控,2,,,,,,,31,紅燈,"流動比、現金流量比、利息保障倍數、負債總額 (%)、速動比、現金比等關鍵指標中，現金流量比、利息保障倍數、負債總額 (%)、速動比皆為▼，顯示公司短期與長期償債能力均有重大風險。
獲利能力指標（稅後淨利率、每股稅後盈餘年成長率、營業利益率、股東權益報酬率、資產報酬率）多數為▼，顯示公司本期嚴重虧損，獲利能力極差。
資本結構指標（負債總額 (%)、股東權益總額 (%)）顯示負債比過高、權益比過低，財務槓桿過大，抗風險能力薄弱。
現金比雖達標，但現金流量比為負，顯示現金水位雖高但經營現金流入不足，需警惕資金流動性風險。",評分31分，主要因多項關鍵指標（現金流量比、利息保障倍數、負債總額 (%)、速動比）皆為▼，加上獲利能力指標全數不達標，資本結構亦顯失衡，整體財務風險極高，導致評分偏低。,定穎投控2026Q2財務狀況顯示，短期與長期償債能力均有嚴重缺陷，特別是現金流量比、速動比、利息保障倍數及負債總額 (%) 皆為▼，顯示公司現金流入不足，無法以營運獲利支付利息，且財務槓桿過高，資本結構薄弱，若外部融資環境惡化恐將面臨流動性危機。建議公司應優先改善現金流量、降低負債比重、強化本業獲利能力，並審慎管理資本支出與成本結構，以提升整體財務體質，降低財務風險。
2026Q2,3537,堡達,2,,,,,,,94,綠燈,"流動比、速動比、現金比、現金流量比均達優良標準，顯示短期及極短期償債能力極強，資金流動性充足。
利息保障倍數、負債總額 (%)、股東權益總額 (%)皆屬優良，資本結構穩健，財務風險極低。
營業毛利率、營業利益率、股東權益報酬率、應收帳款週轉率、存貨佔營收比率、應收帳款佔營收比率等部分指標屬於一般標準，獲利能力尚可但有提升空間。
關鍵▼數量為0，所有關鍵指標皆無重大風險，整體財務健康度高。",本期評分為94分，主要因多數關鍵指標（如流動比、現金流量比、利息保障倍數、負債總額 (%)、速動比、現金比）均達優良標準，僅有部分獲利與資金回收相關指標屬於一般標準，因此略有扣分，但整體財務風險極低。,堡達公司2026Q2整體財務狀況極為穩健，流動性、償債能力、資本結構與資產運用效率均達優良標準。主要風險在於營業毛利率、營業利益率、股東權益報酬率等獲利能力指標僅屬一般水準，未達最佳區間，顯示核心業務獲利仍有提升空間。建議公司可持續優化產品結構與成本控制，提升毛利率與營業利益率，並加強資金回收效率，以進一步增強整體財務競爭力。
2026Q2,5474,聰泰,2,,,,,,,93,綠燈,"公司流動比、速動比、現金比、現金流量比等短期償債能力指標皆遠高於標準，顯示短期資金流動性極佳，風險極低。
獲利能力指標（營業毛利率、稅後淨利率、營業利益率、股東權益報酬率、資產報酬率、每股稅後盈餘年成長率）均表現優異，顯示公司核心競爭力強。
財務結構穩健，負債總額比率、流動負債比率、股東權益總額比率等皆處於低風險區間，且利息保障倍數極高，幾無財務壓力。
存貨週轉率偏低（1.69次，為唯一▼），存貨佔營收比率偏高於最佳區間，顯示存貨管理需加強，但尚未造成重大財務風險。",本期評分93分，主要因絕大多數指標皆達到☆等級，僅存貨週轉率為▼（依標準表扣分），存貨佔營收比率與業外損益佔營收比率為O（依標準表略扣分），其餘指標皆優異，因此整體分數仍屬高檔，獲得綠燈。,聰泰公司2026Q2整體財務體質極為優異，短期與長期償債能力、獲利能力與資本結構均遠優於產業標準，無明顯財務危機。唯一需注意的是存貨週轉率偏低，存貨佔營收比率略高，顯示存貨管理效率有待提升，若未改善可能造成資金占用及存貨跌價風險。建議公司加強存貨控管與銷售預測，以進一步提升資金運用效率，降低潛在風險。
2026Q2,6719,力智,2,,,,,,,83,綠燈,"公司在流動比、速動比、現金比、負債總額 (%)、利息保障倍數等關鍵短期與長期償債指標均表現優異，顯示財務結構極為穩健。
營業毛利率、稅後淨利率、營業利益率、每股稅後盈餘年成長率等獲利能力指標均屬高檔，顯示本業經營績效優異。
現金流量比、存貨週轉率、股東權益報酬率等部分指標落在一般水準，資產運用效率（總資產週轉率）偏低，需加強資產活化。
業外損益佔營收比率及應付帳款 (%) 指標顯示部分結構性風險，需關注業外損益波動及資金運用效率。",本期評分83分，反映公司大部分指標表現優異，僅總資產週轉率、業外損益佔營收比率、應付帳款 (%) 為▼，扣除部分分數，其餘關鍵償債及獲利指標皆為☆，因此整體財務風險低，評為綠燈。,力智公司2026Q2整體財務結構穩健，短期與長期償債能力極強，獲利能力優異，現金充足，關鍵風險指標無▼。但需注意總資產週轉率偏低，資產運用效率有待提升；業外損益佔營收比率偏高，顯示非本業損益波動較大，應審慎控管業外投資與非經常性損益來源；應付帳款比例偏低，建議優化資金調度，提高資金運用效率。建議持續強化本業成長、提升資產活化率，並降低業外損益波動，以維持長期穩健發展。
2026Q2,2352,佳世達,2,,,,,,,46,紅燈,"流動比、現金流量比、速動比皆未達優良標準，顯示短期及極短期償債能力不足，流動性風險高。
負債總額 (%) 明顯高於標準，資本結構偏向高負債，抗風險能力弱。
稅後淨利率、營業利益率、資產報酬率皆低於標準，顯示獲利能力與資產運用效率不足。
雖然每股稅後盈餘年成長率、固定資產週轉率等部分指標表現優異，但無法抵銷流動性與資本結構的重大風險。",評分46分，主要因現金流量比、負債總額 (%)、速動比等三項關鍵指標皆為▼，扣分較多；獲利能力指標亦有多項未達標準，導致整體評分偏低。,佳世達2026Q2整體財務風險偏高，最主要風險來自流動性不足（現金流量比、速動比皆為▼）、資本結構過度仰賴負債（負債總額 (%) 為▼），以及獲利能力偏弱（稅後淨利率、營業利益率、資產報酬率皆為▼）。建議公司加強現金流量管理，提升營運現金流，並適度降低負債比率以強化資本結構，同時優化營運效率與成本控管，提升獲利能力，降低財務風險。
2026Q2,2484,希華,2,,,,,,,82,綠燈,"公司流動比、速動比、現金比、現金流量比皆遠高於標準，短期償債能力極強，資金流動性佳。
利息保障倍數、負債總額 (%)、流動負債 (%)、長期負債 (%)、股東權益總額 (%)等關鍵指標皆優於標準，資本結構穩健，財務壓力極低。
營業毛利率、稅後淨利率、營業利益率、資產報酬率等獲利指標皆高於標準，獲利能力強，且每股盈餘年成長率大幅提升。
存貨週轉率、存貨佔營收比率、應付帳款 (%)等指標低於標準，顯示存貨積壓及議價能力不足，需特別注意營運效率。",本期評分為82分，主要因流動性、償債能力、資本結構及獲利能力指標皆優異，扣分項目來自存貨週轉率、存貨佔營收比率、應付帳款 (%)等營運效率指標，整體風險低，僅需改善營運效率以提升評分。,希華公司2026Q2整體財務狀況穩健，流動性與償債能力極強，資本結構優異，獲利能力良好，評分與燈號皆顯示低風險。然而，存貨週轉率偏低、存貨佔營收比率過高，顯示存貨積壓風險，應付帳款比例過低亦代表議價能力或資金運用效率不足。建議加強存貨管理、提升營運效率並優化與供應商的議價策略，以降低營運風險，確保未來財務穩健持續。
2026Q2,2458,義隆,2,,,,,,,90,綠燈,"義隆公司在流動比、現金流量比、速動比、現金比等關鍵指標均遠高於標準，顯示短期償債能力極強，流動性充足。
利息保障倍數、負債總額 (%)、股東權益總額 (%)、長期負債 (%) 等財務結構指標皆優異，財務安全性高，資本結構穩健。
獲利能力指標如營業毛利率、稅後淨利率、股東權益報酬率、資產報酬率、營業利益率等皆遠超標準，展現高度獲利能力。
唯一需注意的是應付帳款 (%) 及業外損益佔營收比率未達標準，應付帳款比例偏低，業外損益佔比偏高，需關注資金運用與業外項目波動。",本期評分為90分，主要因多數關鍵指標皆符合或優於標準，僅應付帳款 (%) 及業外損益佔營收比率未達標準，扣除部分分數，整體財務風險極低，評分維持高檔。,義隆公司2026Q2整體財務狀況極佳，流動性、償債能力、獲利能力及資本結構均優於一般標準，未見重大財務風險。主要需注意業外損益佔營收比率偏高，可能受非營業項目波動影響獲利穩定性，建議加強業外項目管理與監控。同時，應付帳款比例偏低，應檢視付款條件與資金運用效率，避免資金過度流出。整體而言，公司財務風險極低，建議持續維持現有財務穩健策略，並針對上述兩項指標進行改善。
2026Q2,2492,華新科技,2,,,,,,,76,綠燈,"公司多數關鍵指標（流動比、利息保障倍數、負債總額 (%)、現金比等）均達到☆標準，顯示財務結構穩健，短期與長期償債能力強。
現金流量比為唯一關鍵▼項，顯示現金流償債能力不足，需注意現金流管理。
業外損益佔營收比率過高（▼），顯示非經常性損益對公司獲利影響大，需關注業外收入來源及穩定性。
應付帳款 (%) 過低（▼），可能代表資金運用效率不佳，需檢視資金調度策略。",本期評分為76分，主要因現金流量比、業外損益佔營收比率及應付帳款 (%) 出現▼標記，各扣減分數，其餘多數關鍵指標達☆標準，整體財務結構穩健，故評分維持在高檔。,華新科技公司2026Q2財務結構整體穩健，多數關鍵指標均達到☆標準，顯示短期與長期償債能力強、資本結構安全，且獲利能力優良。然而，現金流量比偏低，顯示現金流償債能力不足，需加強營運現金流管理。業外損益佔營收比率過高，非經常性損益對獲利影響大，建議強化主業獲利來源，降低業外損益波動。應付帳款 (%) 過低，可能資金運用效率不佳，建議檢討資金調度策略。整體而言，華新科技財務風險低，但需注意現金流及業外損益波動，持續優化營運現金流與資金運用。
2026Q2,3556,禾瑞,2,,,,,,,94,綠燈,"公司流動比、速動比、現金比、現金流量比皆遠高於標準，顯示短期償債能力極強，資金流動性無虞。
利息保障倍數、負債總額 (%)、股東權益總額 (%) 等關鍵指標均落在最佳區間，資本結構穩健，長短期償債無風險。
獲利能力指標如營業毛利率、稅後淨利率、營業利益率、股東權益報酬率、資產報酬率皆大幅高於標準，顯示公司本業獲利能力強。
唯一風險指標為業外損益佔營收比率超標，顯示非本業損益佔比過高，需注意未來業外波動對獲利的影響。",本期評分94分，主要因所有關鍵償債與獲利能力指標均落在最佳標準，僅業外損益佔營收比率一項為▼，扣分有限，整體財務結構優異。,禾瑞公司2026Q2財務結構極為穩健，流動性、償債能力、獲利能力皆遠高於一般標準，評分與燈號均顯示低風險。唯一需要注意的是業外損益佔營收比率過高，代表公司獲利受非本業項目影響較大，未來若業外損益波動，可能影響整體獲利穩定性。建議公司加強本業獲利來源，降低業外損益佔比，提升獲利穩定度。
2026Q2,3114,好德,2,,,,,,,77,綠燈,"流動比、速動比、現金比、負債總額 (%)、流動負債 (%) 等指標均遠優於標準，顯示公司短期償債能力及財務結構極為穩健。
固定資產週轉率、總資產週轉率、存貨週轉率等資產運用效率指標表現優異，資產管理能力強。
每股稅後盈餘年成長率大幅提升，顯示公司獲利成長動能強，但營業毛利率、稅後淨利率僅屬一般，營業利益率偏低，需注意獲利品質。
現金流量比為負值，營運現金流壓力大，是本期最需關注的財務風險。",本期評分77分，主要因流動比、速動比、現金比、負債總額 (%)、固定資產週轉率等多項關鍵指標均達到或優於標準，扣分主要來自現金流量比（▼）、股東權益報酬率（▼）、營業利益率（▼）等指標，反映獲利能力與現金流仍有改善空間。,好德公司2026Q2整體財務結構穩健，短期償債能力極強，資產運用效率優異，但最需關注的是現金流量比為-30.31，顯示營運現金流出現壓力，若持續惡化恐影響短期資金調度與日常營運。建議公司加強應收帳款回收、優化存貨管理，並審慎控管營運現金流，提升營業利益率與股東權益報酬率，以強化長期獲利與現金流穩定性。
2026Q2,3510,易鼎,2,,,,,,,99,綠燈,"流動比、速動比、現金比均遠高於標準，顯示公司短期償債能力極強，資金流動性充裕。
負債總額 (%)、流動負債 (%)、長期負債 (%) 均處於極低水準，財務槓桿風險極小，結構穩健。
股東權益總額 (%) 占比極高，公司自有資本充足，抗風險能力強。
應付帳款 (%) 雖僅達一般標準，但未出現明顯風險，整體財務結構仍屬優良。",本期評分99分，僅因應付帳款 (%) 為 O 標記略有扣分，其餘關鍵指標皆為 ☆，且無任何▼，顯示公司財務風險極低，整體表現極佳。,易鼎公司2026Q2財務結構極為穩健，短期與長期償債能力均遠優於一般標準，現金及自有資本充足，負債比極低，幾乎無財務槓桿風險。唯一需留意的是應付帳款比率偏低，可能影響與供應商的議價能力或現金運用效率。建議公司持續維持高流動性與低負債結構，同時可適度調整應付帳款管理，以提升資金運用效率。整體而言，財務風險極低，屬於極為安全的財務體質。
2026Q2,6658,聯策,2,,,,,,,82,綠燈,"聯策公司在流動比、速動比、現金比、利息保障倍數等短期償債能力指標均達到優良標準，顯示資金流動性極佳。
營業毛利率、稅後淨利率、資產報酬率、固定資產週轉率等獲利與效率指標表現突出，顯示公司營運效率與獲利能力穩健。
負債總額 (%)、股東權益總額 (%) 雖未達到最高標準，但仍在合理範圍，資本結構尚可，整體財務風險不高。
現金流量比為負值，顯示營運現金流存在壓力，是目前唯一明顯風險，需特別留意營運現金流管理。",本期評分為82分，主要扣分來自現金流量比為▼（負值），以及部分指標如股東權益報酬率、負債總額 (%)、股東權益總額 (%)、存貨佔營收比率、應收帳款週轉率等落在O區，未達最高標準。其餘大多數指標均為☆，故整體評分仍屬優良。,聯策公司2026Q2整體財務狀況穩健，短期與極短期償債能力極佳，營運效率與獲利能力均達到優良標準。唯一值得注意的風險在於現金流量比為負值，顯示營運現金流出現壓力，可能影響未來資金調度。建議公司加強營運現金流管理，提升收款效率並適度控制支出，以確保現金流穩定，進一步降低營運風險。
2026Q2,3504,揚明光,2,,,,,,,66,黃燈,"短期償債能力極佳：流動比、速動比、現金比均高於標準，顯示公司短期資金流動性充足。
獲利能力不足：稅後淨利率、營業利益率、資產報酬率、股東權益報酬率皆明顯低於標準，顯示公司獲利結構薄弱。
現金流量與利息償付風險：現金流量比、利息保障倍數均低於標準，現金流量不足且償付利息能力偏弱，需注意財務壓力。
資本結構健康：負債總額、流動負債、長期負債、股東權益總額皆落於理想區間，顯示公司資本結構穩健，負債壓力小。",本期評分為66分，主要因獲利能力指標（稅後淨利率、營業利益率、資產報酬率、股東權益報酬率）及現金流量比、利息保障倍數均為▼，造成扣分，雖短期償債能力及資本結構良好，但獲利與現金流風險明顯，評分僅達黃燈。,揚明光公司2026Q2財務狀況呈現短期償債能力極佳、資本結構穩健，但獲利能力與現金流量存在明顯風險。最重要的風險為營業利益率、稅後淨利率、資產報酬率、利息保障倍數皆偏低，顯示公司營運獲利來源不足，且現金流量比不足以支撐流動負債，償付利息能力亦偏弱。建議公司應積極改善營運效率、提升獲利來源，並加強現金流量管理，降低財務壓力，避免長期資金斷鏈風險。
2026Q2,8299,Phison,2,,,,,,,80,綠燈,"Phison公司多數獲利、資產運用及償債能力指標（如營業毛利率、稅後淨利率、流動比、利息保障倍數、資產報酬率等）均遠優於一般標準，顯示整體財務體質極為優異。
現金流量比顯著低於標準（-6.29），顯示營運現金流入明顯不足，為主要風險來源。
存貨週轉率偏低（1.15），存貨管理效率有待提升，可能導致存貨積壓風險。
業外損益佔營收比率偏高（6.93），需關注非本業損益對整體獲利的波動影響。",本期評分為80分，主要因大多數指標表現優異，僅因現金流量比（▼）、存貨週轉率（▼）、業外損益佔營收比率（▼）、速動比（O）、存貨佔營收比率（O）等少數指標未達標準而扣分，整體仍屬優良。,Phison公司2026Q2整體財務結構穩健，獲利能力與資產運用效率皆屬業界頂尖，短期與長期償債能力極強。然而，需特別留意現金流量比偏低，顯示營運現金流入不足，若未能改善，可能影響短期資金調度與營運彈性。建議公司加強存貨管理、提升存貨週轉效率，並審慎控管業外損益波動，以確保未來財務體質持續穩健。
2026Q2,8042,金山電,2,,,,,,,76,綠燈,"公司整體流動性表現優異，流動比、現金比、速動比皆達到或接近☆標準，短期償債能力強。
獲利能力指標如營業毛利率、稅後淨利率、每股盈餘年成長率均達☆標準，顯示營運績效佳。
負債結構尚可，負債總額 (%)、流動負債 (%)、長期負債 (%)均未超過風險區間，資本結構穩健。
現金流量比為唯一▼，顯示營運現金流量不足，需特別留意現金流風險。",本次評分76分，主要扣分來自現金流量比為▼標記，其餘關鍵指標如流動比、現金比、利息保障倍數等均達☆標準，整體財務結構穩健。部分獲利及資產運用指標落在O區間，略有改善空間，但不影響整體評分為綠燈。,金山電公司2026Q2財務結構整體穩健，流動性及償債能力表現優異，獲利能力亦具競爭力。最主要的風險在於現金流量比為負值，顯示營運現金流量不足，短期現金償債能力較弱，若未改善可能影響未來營運彈性。建議公司加強營運現金流管理，提升收款效率及控制支出，避免現金流風險擴大，確保財務安全。
2026Q2,5274,信驊,2,,,,,,,93,綠燈,"信驊公司多數關鍵指標（流動比、現金流量比、利息保障倍數、負債總額 (%)、速動比、現金比）皆獲得最高標記，顯示短期償債能力與財務安全性極佳。
獲利能力指標（營業毛利率、稅後淨利率、營業利益率、股東權益報酬率、資產報酬率等）均遠高於標準，展現強勁的獲利與資產運用效率。
資產與負債結構穩健（股東權益總額 (%)、負債總額 (%)），槓桿低，資本結構良好，風險小。
僅存貨佔營收比率落入▼區間，顯示存貨過低，需注意供應鏈或產能風險，其餘指標皆無重大扣分。",本期評分93分，主要因所有關鍵財務安全指標皆為最高標記，僅存貨佔營收比率落入▼區間造成部分扣分，其餘指標皆無重大風險，整體財務結構與獲利能力極佳。,信驊公司2026Q2財務狀況極為穩健，流動性、償債能力、獲利能力及資本結構均優於一般標準，無重大財務風險。唯一需注意的是存貨佔營收比率過低，可能導致供應鏈斷鏈或產能不足風險，建議適度提升存貨水位以確保營運穩定。其餘財務指標皆顯示公司具備高度抗風險能力，未來可持續關注業外損益波動及短期負債比例變化。
2026Q2,8240,華宏,2,,,,,,,85,綠燈,"流動比、速動比、現金比、負債總額 (%)、長期負債 (%)、流動負債 (%) 等關鍵指標皆達優良標準，顯示公司短期及長期償債能力極佳，財務結構穩健。
營業利益率低於標準，顯示本業獲利能力偏弱，是主要扣分項目，需加強營運效率。
每股稅後盈餘年成長率、存貨週轉率、固定資產週轉率等成長與效率指標表現優異，展現成長動能與資產運用能力。
應收帳款週轉率、應收帳款佔營收比率、現金流量比、業外損益佔營收比率等部分指標落於一般水準，需持續提升收款效率與現金流量管理。",本期評分為85分，主要因多項關鍵財務結構及償債能力指標均達優良標準，顯示公司資金安全性高且負債壓力小。惟營業利益率低於標準，為本期主要扣分項目，其餘如現金流量比、應收帳款週轉率等亦未達優良，故未能取得更高分數。,華宏公司2026Q2整體財務結構穩健，短期與長期償債能力皆優良，負債比率低，現金充足，資產運用效率高，整體風險極低。最主要風險在於本業獲利能力不足（營業利益率偏低），若未能提升營運效率，未來獲利可能受壓。建議公司持續強化本業競爭力，提升營業利益率，同時加強應收帳款管理及現金流量控管，以維持高分財務表現。
2026Q2,8085,福華,2,,,,,,,52,黃燈,"公司短期償債能力極強（流動比、現金流量比、速動比、現金比皆為☆），顯示短期資金壓力極低。
獲利能力指標全面低於標準（營業毛利率、稅後淨利率、營業利益率、資產報酬率、股東權益報酬率皆為▼），反映本業經營困難，持續虧損。
利息保障倍數為負值（▼），顯示公司無法以營運獲利支付利息，償債風險極高，是關鍵風險指標。
資產運用效率偏低（總資產週轉率▼，固定資產週轉率O），且業外損益波動大，非本業風險高。",本次評分為52分，主要因短期償債能力指標皆為☆，大幅加分，但獲利能力、資產運用效率、利息保障倍數等多項關鍵指標為▼，嚴重扣分，導致整體評分僅達黃燈，顯示公司財務風險偏高。,福華公司2026Q2財務狀況顯示，雖然短期償債能力極佳，現金充裕，但公司本業獲利能力極差，多項獲利指標為負，且資產運用效率低落，利息保障倍數為負值，顯示公司營運現金流雖足但無法支撐債務利息，長期財務結構不穩。最重要的風險在於持續虧損與償債能力惡化，建議公司應優先改善本業經營效率、提升營業獲利，並積極檢討資產與負債結構，降低財務槓桿與業外損益波動，以減少長期財務風險。
2026Q2,6117,迎廣,2,,,,,,,54,黃燈,"流動比、現金流量比、速動比均低於標準，顯示短期償債能力及現金流動性存在明顯風險。
負債總額 (%) 遠高於標準，資本結構偏向高槓桿，抗風險能力較弱。
股東權益總額 (%) 低於標準，資本結構安全性不足，需加強資本補強。
營業毛利率、稅後淨利率、每股盈餘年成長率等獲利指標表現優異，顯示公司本業獲利能力強，但財務結構需改善。",本期評分為54分，主要因流動比、現金流量比、負債總額 (%)、速動比等4項指標均落入▼區間，各自扣分，反映短期償債能力及資本結構風險，雖然獲利能力指標表現良好，但財務結構及流動性問題顯著，故評分未達高分。,迎廣公司2026Q2財報顯示，雖然本業獲利能力強，營業毛利率與淨利率均優於標準，且每股盈餘成長動能充足，但短期償債能力與現金流動性明顯不足（流動比、現金流量比、速動比皆落入▼區間），同時負債總額 (%) 偏高、股東權益總額 (%) 偏低，資本結構風險上升。最重要的風險在於短期資金調度與高槓桿結構，建議公司加強現金流管理、提升流動資產比率，並逐步降低負債比重以改善資本結構，提升抗風險能力。
2026Q2,2375,凱美,2,,,,,,,78,綠燈,"凱美公司流動比、速動比、現金比、負債總額 (%)、流動負債 (%)、長期負債 (%)、股東權益總額 (%)等指標皆達到優良標準，顯示資本結構穩健，短期與長期償債能力極佳。
利息保障倍數、現金比、固定資產週轉率等關鍵指標皆為優良，顯示公司資金運用效率高，償付利息與資產運用能力強。
現金流量比為唯一關鍵▼指標，顯示營運現金流償債能力不足，需特別注意現金流風險。
股東權益報酬率偏低，資產報酬率、營業毛利率、營業利益率、存貨週轉率等多數獲利效率指標雖屬中等，但整體獲利能力尚可，無明顯危機。",本期評分78分，主要因現金流量比為▼扣分，股東權益報酬率亦為▼，其餘關鍵指標皆為☆，資本結構與償債能力優異，獲利能力中等，整體風險低。,凱美公司2026Q2整體財務狀況穩健，資本結構優良，償債能力極強，關鍵指標多數達到優良標準。最重要的風險在於現金流量比明顯偏低，營運現金流不足以支撐流動負債，可能影響短期資金調度。建議公司加強營運現金流管理，提升現金流入效率，並持續改善股東權益報酬率與資產運用效率，以維持長期穩健發展。
2026Q2,3042,晶技,2,,,,,,,95,綠燈,"公司短期償債能力極強，流動比、速動比、現金比、現金流量比皆為優良等級，顯示資金流動性無虞。
獲利能力卓越，營業毛利率、稅後淨利率、營業利益率等均遠高於標準，且每股盈餘年成長率大幅成長，反映本業經營績效優秀。
財務結構穩健，負債總額、流動負債、長期負債比例皆低，股東權益比率高，抗風險能力強。
資產運用效率尚可，存貨週轉率、應收帳款週轉率、總資產週轉率等指標為中等水準，未見明顯風險，但仍有提升空間。",本次評分為95分，主要因公司多數關鍵指標（流動比、現金流量比、利息保障倍數、負債總額 (%)、速動比、現金比）皆達優良水準，僅資產運用效率相關指標（如存貨週轉率、應收帳款週轉率、總資產週轉率、股東權益報酬率、應收帳款佔營收比率）為中等水準，故略有扣分，整體財務體質極佳。,晶技公司2026Q2整體財務結構穩健，流動性、獲利能力及償債能力皆極為優異，短期與長期負債壓力皆低，財務風險極小。唯一需關注者為資產運用效率（存貨週轉率、應收帳款週轉率、總資產週轉率等）僅屬中等水準，建議持續優化存貨及應收帳款管理，加強資產活化，以進一步提升整體經營效率與股東報酬。
2026Q2,3323,加百裕,2,,,,,,,62,黃燈,"公司流動比、現金比、固定資產週轉率等流動性與資產運用指標皆達標，顯示短期償債能力與資產運用效率良好。
營業毛利率、總資產週轉率、速動比、流動負債比率等指標雖處於一般水準，顯示營運效率尚可，但仍有提升空間。
現金流量比、利息保障倍數等關鍵指標出現▼，代表營業現金流量不足且無法支付利息，財務壓力大。
獲利指標如稅後淨利率、股東權益報酬率、營業利益率、資產報酬率皆為負值，顯示公司本期獲利能力極弱，需高度警惕。",本期評分為62分，主要因現金流量比、利息保障倍數、獲利指標（稅後淨利率、股東權益報酬率、營業利益率、資產報酬率）皆為▼，扣除大量分數；流動性及資產運用指標表現良好，為評分加分來源，但獲利與現金流風險嚴重，整體僅獲黃燈。,加百裕公司2026Q2財報顯示，雖然流動比、現金比、固定資產週轉率等流動性與資產運用指標表現優異，資本結構也屬穩健，但獲利能力極弱（多項獲利指標為負），且營業現金流量嚴重不足、利息保障倍數為負，反映公司核心營運已陷入虧損且無法支付利息，現金流風險極高。建議公司需積極改善營運結構、提升獲利能力，並加強現金流管理，避免債務壓力進一步惡化。若獲利及現金流狀況未改善，未來將面臨重大財務危機。
2026Q2,3064,泰偉,2,,,,,,,15,紅燈,"泰偉公司本期流動比、現金流量比、利息保障倍數、負債總額 (%)、速動比等關鍵指標皆為▼，顯示短期償債能力極弱，現金流壓力極大，債務風險嚴重。
資產報酬率、股東權益報酬率、營業利益率、稅後淨利率等獲利相關指標均為負值且標記▼，顯示公司持續虧損，資產與股東權益未能創造價值。
資本結構不佳，負債總額 (%) 遠高於標準，股東權益總額 (%) 嚴重偏低，長期負債比例過高，顯示公司槓桿過高，資本穩定性極差。
儘管營業毛利率、存貨週轉率等部分指標表現良好，但無法彌補整體財務結構與獲利能力的重大缺失，且現金比、應收帳款週轉率等僅屬及格邊緣。",本期評分為15分，主因多項關鍵指標（流動比、現金流量比、利息保障倍數、負債總額 (%)、速動比）皆為▼，且多數獲利與資本結構指標亦為▼，僅少數指標達標，因此評分偏低，整體財務風險極高。,泰偉公司2026Q2整體財務風險極高，短期償債能力嚴重不足，現金流量緊張，債務比率過高且槓桿風險明顯，加上連續虧損導致資本結構失衡。建議公司應優先改善現金流與償債能力，積極降低負債比重，並加強本業營運效率與獲利能力，避免資本持續流失，否則將面臨財務危機甚至營運中斷之風險。
2026Q2,2457,飛宏,2,,,,,,,65,黃燈,"公司短期償債能力指標（流動比、速動比、現金比）均大幅優於標準，現金充裕，流動負債壓力低。
現金流量比及利息保障倍數均為▼，顯示營運現金流量不足且無法支付利息，屬於重大財務風險。
獲利能力指標（稅後淨利率、營業利益率、股東權益報酬率、資產報酬率）多為負值或低於標準，反映公司本業及整體獲利情況不佳。
資本結構健全（負債總額低、股東權益高、長短期負債水準佳），但需加強獲利與現金流管理。",本次評分65分，主要因現金流量比與利息保障倍數為▼，各扣10分，獲利相關指標多為▼，各扣5分，流動性與資本結構指標表現優良，未扣分，因此整體評分落於黃燈區間。,飛宏公司2026Q2財務結構穩健，短期償債能力極強且現金充裕，負債水準低，資本結構良好。然而，現金流量比僅12%、利息保障倍數為-10.07，顯示營運現金流量嚴重不足且無法支付利息，屬於重大財務風險。此外，獲利能力多項指標為負值，反映本業與整體經營仍處於虧損狀態。建議公司優先改善本業獲利結構、強化營運現金流管理，並控制費用及提升營收，以降低現金流與獲利風險，確保財務穩健。
2026Q2,3036,文曄,2,,,,,,,41,紅燈,"現金流量比、速動比、現金比均明顯低於標準，顯示短期流動性與現金償債能力極弱。
負債總額 (%)、流動負債 (%)、應付帳款 (%) 遠高於標準，整體財務槓桿過高，資本結構極度不健康。
營業毛利率、稅後淨利率、營業利益率皆低於標準，核心獲利能力不足，營運風險大。
雖然部分效率指標（資產週轉率、固定資產週轉率、存貨週轉率等）表現優異，但無法抵消流動性與負債風險。",本期評分為41分，主要扣分來自流動比、現金流量比、速動比、現金比、負債總額 (%)、股東權益總額 (%)、流動負債 (%)、應付帳款 (%) 等指標均為▼，顯示公司流動性與資本結構問題嚴重，雖部分效率與成長指標表現佳，但無法彌補財務風險，故評分偏低。,文曄公司2026Q2整體財務風險極高，最嚴重問題在於流動性不足與負債比率過高，現金流量比、速動比、現金比皆遠低於標準，顯示公司短期資金調度壓力大，隨時可能面臨資金斷鏈危機。此外，負債總額 (%)、流動負債 (%)、應付帳款 (%) 均明顯超標，資本結構極度不健康，股東權益占比過低。建議公司積極改善現金流，提升流動資產水位，降低短期負債比重，並加強獲利能力，否則將面臨財務重整或資金危機風險。
2026Q2,3406,玉晶光,2,,,,,,,95,綠燈,"流動比、速動比、現金比、現金流量比等短期償債能力指標均遠高於標準，顯示公司資金調度極為充裕，短期財務風險極低。
負債總額 (%)、流動負債 (%)、長期負債 (%) 均屬低檔，資本結構穩健，抗風險能力強。
營業毛利率、稅後淨利率、營業利益率等獲利指標表現優異，且每股盈餘年成長率大幅提升，顯示公司本業競爭力強且成長動能足。
總資產週轉率、固定資產週轉率、股東權益報酬率等資產運用效率指標屬於一般水準，尚有資源運用提升空間。",本期評分為95分，主要扣分來自總資產週轉率、固定資產週轉率、股東權益報酬率、應付帳款 (%)、業外損益佔營收比率等指標落在O區間，各扣1分，其餘關鍵指標皆為☆，整體財務體質極為穩健。,玉晶光2026Q2整體財務結構穩健，短期償債能力極強，負債水位低，營運現金流充足，獲利能力亦屬優異。目前最需注意的風險在於資產與固定資產運用效率尚有提升空間，未來可持續優化資本配置與提升資產週轉效率，以進一步增強整體競爭力。建議公司持續關注資產運用效率，並審慎控管業外損益波動，維持高現金水位與穩健財務結構。
2026Q2,2317,鴻海,2,,,,,,,64,黃燈,"流動比、現金比、利息保障倍數等短期償債能力指標均達到標準，顯示公司短期償債能力尚可。
現金流量比、速動比、負債總額 (%) 等指標出現▼，顯示現金流量不足、速動償債能力弱、負債比過高，需高度關注。
營業毛利率偏低，營業利益率僅達O級，獲利能力有待提升，可能受限於成本結構或產業競爭。
資產運用效率、存貨管理、固定資產週轉率等營運指標表現優異，顯示公司營運效率高。",本期評分為64分，主要扣分項目為現金流量比、負債總額 (%)、速動比及營業毛利率等指標出現▼，反映公司在現金流量、負債結構及短期流動性方面存在風險；其他多數指標表現良好，故評分落於中等偏下。,鴻海2026Q2財務風險主要集中在現金流量比、負債總額 (%)、速動比及股東權益總額 (%)等指標。現金流量比為負，顯示營業現金流量不足，短期流動性風險高；負債比過高且股東權益偏低，資本結構抗風險能力弱。建議公司加強現金流管理，降低負債比率，提升股東權益，並優化營業毛利率以強化獲利能力，減緩財務槓桿風險。
2026Q2,3022,威強電,2,,,,,,,80,綠燈,"公司在流動比、速動比、現金比、負債總額 (%) 等關鍵指標均表現優異，顯示短期償債能力與資本結構穩健。
營業毛利率、稅後淨利率、資產報酬率、固定資產週轉率等獲利及效率指標均高於標準，展現良好獲利與資產運用能力。
現金流量比為唯一關鍵▼指標，顯示經營活動現金流償債能力不足，需高度注意現金流風險。
業外損益佔營收比率偏高，可能有非經常性損益風險，需留意未來穩定性。",本期評分為80分，主要因大部分關鍵指標表現優異，僅現金流量比為▼，扣分主要來自現金流量比與業外損益佔營收比率，其他指標均維持高分，整體風險低。,威強電公司2026Q2整體財務狀況穩健，短期與長期償債能力皆佳，獲利能力與資產運用效率突出，資本結構穩定。最重要的風險在於現金流量比為負值，顯示經營活動現金流不足，若未改善，將影響未來償債與營運彈性。建議公司加強現金流管理，提升營運現金流入，並審慎評估業外損益來源，避免依賴非經常性收益，確保財務穩健與長期發展。
2026Q2,2420,新巨,2,,,,,,,92,綠燈,"新巨公司在流動比、現金流量比、速動比、現金比等關鍵指標均遠高於標準，顯示短期償債能力極強，資金運用充裕。
利息保障倍數、負債總額 (%)、股東權益總額 (%)、長期負債 (%)等指標皆符合☆標準，資本結構穩健，財務槓桿低，抗風險能力強。
獲利能力指標如營業毛利率、稅後淨利率、股東權益報酬率、營業利益率、資產報酬率均大幅超標，顯示公司營運績效優異。
唯一需注意的是業外損益佔營收比率偏高，超過標準，顯示非營業損益波動可能影響獲利穩定性。",本期評分為92分，主要扣分來自業外損益佔營收比率（▼），以及存貨週轉率、存貨佔營收比率、總資產週轉率、固定資產週轉率等部分效率指標落於O區間，其餘關鍵指標皆為☆，整體財務結構與獲利能力極佳，因此獲得高分。,新巨公司2026Q2整體財務狀況極為優秀，短期及長期償債能力皆強，獲利能力高，資本結構穩健，現金流充足，關鍵指標無重大危機。唯一需注意的是業外損益佔營收比率偏高，顯示非營業損益對獲利有較大影響，建議公司加強控管業外損益來源，降低波動，並持續提升資產與固定資產週轉效率，以進一步增強營運效益與穩定性。
2026Q2,3357,西北臺慶科,2,,,,,,,83,綠燈,"大部分指標均達到或優於一般標準，顯示公司整體財務結構穩健（如流動比、速動比、負債總額 (%)、現金比等均為☆）。
獲利能力與成長動能強勁，包括營業毛利率、稅後淨利率、每股稅後盈餘年成長率、股東權益報酬率、資產報酬率等皆表現優異。
現金流量比明顯低於標準（10.37，標準為30%），為主要扣分來源，需特別關注現金流動性風險。
業外損益佔營收比率偏高（7.14），顯示本業以外損益波動較大，需留意非本業因素對獲利的影響。",本期評分為83分，主要因現金流量比（▼）與業外損益佔營收比率（▼）扣分，其餘指標多為☆或O，整體財務體質良好，但需注意現金流動性與業外損益波動風險。,西北臺慶科公司2026Q2整體財務結構穩健，獲利能力及成長動能皆優於同業水準，短期及長期償債能力亦充足。然而，現金流量比僅10.37%，顯示營運現金流入不足，短期資金調度壓力較大，若遇重大支出或外部環境變化，恐影響流動性。另業外損益佔營收比率達7.14%，本業以外損益波動對公司獲利有明顯影響，需加強本業經營穩定度與控管非本業風險。建議公司強化現金流管理、提升營運現金流入，並審慎評估及控管業外投資或損益來源，以降低潛在財務風險。
2026Q2,6913,鴻呈,2,,,,,,,85,綠燈,"鴻呈公司多數指標均符合最高標準（☆），如營業毛利率、稅後淨利率、流動比、速動比、股東權益報酬率、固定資產週轉率等，顯示營運及資產運用效率極佳。
唯一關鍵風險為現金流量比（▼），顯示營運現金流對流動負債覆蓋率不足，需加強現金流管理。
負債總額 (%)、股東權益總額 (%)、應收帳款週轉率、總資產週轉率、應收帳款佔營收比率等指標雖未達最高標準，但均落在一般標準範圍內，資本結構與資金回收壓力可控。
關鍵指標（流動比、現金流量比、利息保障倍數、負債總額 (%)、速動比、現金比）除現金流量比外，皆表現優異，整體財務風險低。",本期評分為85分，主要因多數指標達最高標準（☆），僅現金流量比為▼扣分，部分指標為O但未嚴重影響整體財務安全，故評分維持高檔。,鴻呈公司2026Q2整體財務狀況穩健，營運效率與獲利能力優異，短期與即時償債能力強，資本結構良好。唯一需注意的是現金流量比偏低，顯示營運現金流對流動負債覆蓋率不足，短期資金調度有壓力。建議公司加強現金流管理，提升營運現金流入，或適度調整流動負債結構，以降低短期資金風險，確保財務安全。
2026Q2,2376,技嘉,2,,,,,,,55,黃燈,"技嘉公司在獲利能力（如每股盈餘年成長率、資產報酬率、股東權益報酬率等）表現突出，多項指標達到優秀標準。
資產運用效率極佳，總資產週轉率、固定資產週轉率、應收帳款週轉率等指標均顯示營運效率高。
負債結構偏弱，負債總額、流動負債比率、股東權益總額等指標顯示財務槓桿過高，資本結構需改善。
短期償債能力及現金流量明顯不足，現金流量比、速動比、現金比皆低於標準，短期資金風險高。",本次評分為55分，主要因現金流量比、負債總額(%)、速動比、現金比等關鍵指標均為▼，顯著拉低總分；雖然獲利及營運效率指標多為☆，但財務結構與短期償債能力的弱點成為扣分主因，故評為黃燈。,技嘉公司2026Q2財報顯示，雖然獲利能力及營運效率表現優異，但財務結構及短期償債能力存在明顯風險。負債比率過高、現金流量嚴重不足、速動比及現金比皆低於標準，顯示公司短期資金調度壓力大，若遇市場波動或資金需求高峰，恐將面臨流動性危機。建議公司加強現金流管理、降低負債比重、提升速動資產水位，以強化財務體質，降低潛在風險。
2026Q2,3545,敦泰,2,,,,,,,85,綠燈,"公司流動比、現金流量比、速動比、現金比等短期償債能力指標均遠高於標準，顯示資金流動性極佳。
負債總額、流動負債、長期負債皆低於標準，資本結構穩健，財務槓桿風險極低。
營業毛利率、存貨週轉率、應收帳款週轉率等營運效率指標表現優異，營運管理良好。
營業利益率、股東權益報酬率、業外損益佔營收比率出現▼，顯示營運獲利能力不足且獲利高度依賴業外損益，須注意未來獲利穩定性。",評分為85分，主要因多數關鍵指標（流動比、現金流量比、利息保障倍數、負債總額、速動比、現金比）皆達到最佳標準，僅營業利益率、股東權益報酬率、業外損益佔營收比率三項出現▼，因此扣除部分分數，整體維持高分。,敦泰公司2026Q2整體財務結構穩健，流動性及現金充足，負債比率低，短期及長期償債能力皆優秀。最大風險在於營業利益率為負、股東權益報酬率偏低，以及業外損益佔營收比率過高，顯示公司獲利高度依賴業外收入，營運本業獲利能力不足。建議公司加強本業營運效率、提升營業利益率，降低對業外損益的依賴，以確保未來獲利穩定性。
2026Q2,3481,群創,2,,,,,,,81,綠燈,"群創在流動比、現金比、利息保障倍數、負債總額 (%)、速動比等關鍵指標皆達到或超過優秀標準，顯示短期償債能力與資金流動性充足，財務結構穩健。
現金流量比為16.73，低於標準，顯示經營活動產生的現金流量不足，短期現金流存在風險。
營業利益率僅2.56%，低於標準，營業獲利能力偏弱，需加強營業效率與成本控制。
大部分獲利與資產運用指標（如稅後淨利率、每股稅後盈餘年成長率、存貨週轉率、固定資產週轉率）均表現優秀，整體營運動能強。",本期評分為81分，主要扣分來源為現金流量比（▼）及營業利益率（▼），其他關鍵指標皆達標或表現優秀，整體財務風險低，綜合評分屬於綠燈。,群創2026Q2整體財務結構穩健，短期償債能力與資金流動性皆達到優秀標準，營運動能強，財務風險低。然而，現金流量比偏低（16.73），顯示經營活動產生的現金流量不足，需注意短期現金流壓力。營業利益率亦偏低，反映營業獲利能力不足，建議加強營業效率與成本管控，提升營業獲利能力。未來可優先改善現金流量及營業利益率，以強化整體財務安全。
2026Q2,3437,榮創,2,,,,,,,56,黃燈,"流動比、速動比、現金比、股東權益總額 (%)、負債總額 (%) 均遠高於標準，顯示短期償債能力及資本結構極為穩健。
現金流量比與利息保障倍數皆為▼，現金流量嚴重不足、營業利益無法支付利息，顯示現金流與營運獲利能力極弱，是重要風險。
營業毛利率、稅後淨利率、營業利益率、股東權益報酬率、資產報酬率皆為▼，代表獲利能力極差，營運持續虧損。
存貨週轉率、固定資產週轉率、每股稅後盈餘年成長率均為☆，顯示管理效率及成長動能尚可，但無法彌補獲利與現金流的重大缺口。",本期評分56分，主要扣分來自獲利能力（營業毛利率、稅後淨利率、營業利益率、股東權益報酬率、資產報酬率、業外損益佔營收比率等皆為▼），現金流量比與利息保障倍數亦為▼，顯示現金流與償債能力有重大隱憂。儘管短期償債能力與資本結構極佳，但獲利與現金流的嚴重劣勢導致評分無法提升。,榮創公司2026Q2財報顯示，雖然短期償債能力與資本結構極為穩健，現金比與流動比皆遠高於標準，但獲利能力極差（營業毛利率、稅後淨利率、營業利益率皆為負），且現金流量比嚴重不足、利息保障倍數極低，代表營運現金流極度緊縮，營業利益無法支付利息。最重要風險在於公司持續虧損且現金流量負值，若無法改善獲利結構與現金流動，將面臨營運危機。建議公司應積極調整產品結構、降低成本、提升營業獲利，同時加強現金流管理，避免資金斷鏈風險。
2026Q2,5469,瀚宇博德,2,,,,,,,65,黃燈,"流動比、現金比、負債總額 (%)、股東權益總額 (%)、長期負債 (%)、流動負債 (%)皆達到標準，顯示資本結構與短期償債能力穩健。
現金流量比、速動比皆為▼，顯示現金流量與速動償債能力偏弱，需注意短期流動性風險。
每股稅後盈餘年成長率、股東權益報酬率、資產報酬率均為▼，顯示獲利能力與成長性不足，影響整體評分。
固定資產週轉率、存貨週轉率、業外損益佔營收比率等效率指標皆為☆，資產運用效率佳，有助於降低營運風險。",本次評分為65分，主要扣分來自現金流量比、速動比、每股稅後盈餘年成長率、股東權益報酬率、資產報酬率等5項指標皆為▼，顯示公司現金流量、速動償債能力及獲利成長性不足，雖然資本結構與資產運用效率良好，但獲利與流動性風險需特別關注，因此整體評分僅達黃燈。,瀚宇博德公司2026Q2財務結構穩健，資本結構與資產運用效率良好，流動比、現金比、負債總額等多項指標均達標。但現金流量比與速動比皆低於標準，顯示現金流量及速動償債能力不足，短期流動性風險需注意。此外，獲利能力與成長性指標（每股稅後盈餘年成長率、股東權益報酬率、資產報酬率）均偏低，顯示公司營運成長性不足，可能影響未來資本市場信心。建議公司加強現金流量管理、提升速動資產比率，並積極改善獲利能力與成長性，以降低財務風險並提升整體評分。
2026Q2,3324,雙鴻,2,,,,,,,82,綠燈,"獲利能力強：營業毛利率、稅後淨利率、每股稅後盈餘年成長率、營業利益率、股東權益報酬率等均達優良標準，顯示公司本業獲利及成長動能強勁。
償債能力良好但需注意現金流：流動比、現金比、利息保障倍數皆屬優良或充足水準，但現金流量比為負值，短期現金流壓力需加強。
資產與負債結構尚可：負債總額、股東權益總額、速動比等多數指標落在普通水準，財務結構穩健但有提升空間。
資產運用效率佳：總資產週轉率、固定資產週轉率、存貨及應收帳款相關指標多數表現良好，資金運用效率高。",本期評分為82分，主要因大部分關鍵指標表現優異，僅現金流量比為▼扣分，其餘如速動比、負債總額、股東權益總額、應收帳款週轉率等為O，合計扣分有限，整體維持高分，評價為綠燈。,雙鴻公司2026Q2整體財務狀況穩健，獲利能力及資產運用效率皆屬優異，短期與長期償債能力亦充足。然而，現金流量比為-7，顯示公司營業活動現金流出現壓力，若未改善，可能影響未來短期償債與營運資金調度。建議公司加強現金流管理，優化營運資金循環，並持續監控應收帳款及存貨週轉效率，以降低現金流風險，維持財務結構的穩健。
2026Q2,2481,強茂,2,,,,,,,87,綠燈,"流動比、速動比、現金流量比、現金比皆屬於標準以上或中等區間，顯示短期償債能力與現金流動性良好。
利息保障倍數、負債總額 (%)、流動負債 (%)、長期負債 (%)、股東權益總額 (%)等關鍵財務結構指標皆符合最佳標準，顯示公司財務結構穩健。
營業毛利率、稅後淨利率、營業利益率、資產報酬率、固定資產週轉率等獲利與效率指標皆高於標準，顯示公司營運與獲利能力強。
部分應收帳款週轉率、現金流量比、現金比、業外損益佔營收比率等指標落於中等區間，需持續監控資金回收與業外損益波動。",本期評分為87分，主要因多數關鍵指標如流動比、速動比、利息保障倍數、負債總額 (%)、現金比等皆符合或超過最佳標準，僅少數指標如現金流量比、現金比、應收帳款週轉率、業外損益佔營收比率等落於中等區間，故扣除部分分數，但整體財務風險極低。,強茂公司2026Q2財務結構穩健，流動性與償債能力強，營運與獲利能力亦表現優異，整體風險極低。主要需留意現金流量比、現金比及應收帳款週轉率等指標，雖屬中等區間但仍有提升空間，建議持續強化現金流管理與資金回收效率，並監控業外損益波動，確保未來營運穩定。
2026Q2,2330,台積電,2,,,,,,,92,綠燈,"公司在流動比、現金流量比、速動比、現金比等短期償債能力指標上，均遠高於標準，顯示短期財務風險極低。
獲利能力指標（營業毛利率、稅後淨利率、營業利益率、股東權益報酬率、資產報酬率、每股稅後盈餘年成長率）均大幅優於標準，展現強勁獲利與成長動能。
資本結構健全，負債總額、流動負債、長期負債皆遠低於標準，股東權益總額高，財務槓桿低，資本穩健。
唯一明顯風險來自業外損益佔營收比率偏高（7.54，標記▼），顯示非本業損益波動需關注，其餘指標均無重大缺失。",本次評分為92分，主要因大部分指標均為☆，僅業外損益佔營收比率為▼，以及部分O（如存貨佔營收比率、總資產週轉率、應付帳款 (%)、固定資產週轉率），故略有扣分，整體表現極佳，反映公司財務體質極為穩健。,台積電2026Q2整體財務結構極為穩健，短期及長期償債能力均遠高於產業標準，獲利能力與成長性亦屬頂尖。最需關注的風險為業外損益佔營收比率偏高（7.54%），顯示公司本期業外損益波動較大，若屬一次性項目則影響有限，若為經常性則需加強控管。建議公司持續強化本業獲利，審慎管理業外投資與損益，確保未來財務表現穩定。
2026Q2,2377,微星,2,,,,,,,71,綠燈,"微星公司多數獲利指標（如稅後淨利率、每股稅後盈餘年成長率、股東權益報酬率、資產報酬率、固定資產週轉率）均屬優良，顯示獲利能力強。
流動比、利息保障倍數、應收帳款週轉率等短期償債能力及資金回收效率表現良好，顯示財務結構穩健。
現金流量比及速動比皆低於標準，現金流及極短期償債能力為主要風險，需特別注意現金管理。
負債總額比率偏高（54.86%），但尚未超標，資本結構仍屬可控，需持續關注負債變化。",本次評分71分，主要扣分來自現金流量比（▼）及速動比（▼）兩項關鍵指標，顯示現金流與極短期償債能力為主要弱項。其餘多數指標表現良好，整體財務結構穩健，故評為綠燈。,微星公司2026Q2整體財務結構穩健，多數獲利與資產運用指標表現優異，短期及長期償債能力均屬良好。然而，現金流量比（-22.93）及速動比（86.59）明顯低於標準，顯示公司在現金流管理及極短期償債能力上存在壓力。建議公司強化營運現金流管理，優化存貨及應收帳款週轉，提升現金水位，以降低短期財務風險，確保資金鏈安全。
2026Q2,3689,湧德,2,,,,,,,94,綠燈,"湧德公司大部分關鍵指標（如流動比、利息保障倍數、負債總額 (%)、速動比、現金比）皆達到最高標準，顯示短期及長期償債能力強，財務結構穩健。
獲利能力指標（營業毛利率、稅後淨利率、每股稅後盈餘年成長率、股東權益報酬率、營業利益率、資產報酬率）均遠高於標準，顯示公司獲利與成長性優異。
現金流量比、應收帳款週轉率、流動負債 (%)、應收帳款佔營收比率等個別指標落在普通區間，顯示現金流及收款效率尚有提升空間，但並無重大風險。
無任何指標落入▼區間，整體風險極低，評分高且燈號為綠燈，顯示公司財務體質健康。",本次評分為94分，主要因現金流量比、應收帳款週轉率、流動負債 (%)、應收帳款佔營收比率等4項指標落在O區間，各扣除部分分數，其餘指標均達最高標準，無▼項，整體評分維持高檔。,湧德公司2026Q2整體財務結構穩健，關鍵償債與獲利指標表現優異，無明顯財務風險。需留意的部分為現金流量比、應收帳款週轉率及應收帳款佔營收比率，顯示現金流入與收款效率尚有提升空間。建議公司持續強化應收帳款管理、加速資金回收，並關注現金流動性，以確保持續穩健成長。
2026Q2,3048,益登,2,,,,,,,35,紅燈,"益登公司在現金流量比、利息保障倍數、負債總額 (%)、速動比、現金比等關鍵指標均為▼，顯示短期償債能力與資金流動性極度不足，財務結構風險高。
營業毛利率、稅後淨利率、營業利益率等獲利指標皆低於標準，顯示本業獲利能力薄弱，營運風險明顯。
雖然存貨週轉率、應收帳款週轉率、資產報酬率、固定資產週轉率等效率指標表現優異，但無法彌補現金流與負債結構的重大缺陷。
股東權益總額 (%) 僅18.86%，遠低於標準，資本結構極度薄弱，抗風險能力明顯不足。",本次評分35分，主要因多項關鍵指標（現金流量比、利息保障倍數、負債總額 (%)、速動比、現金比）皆為▼，且獲利指標亦不佳，導致分數大幅扣減，最終評為紅燈，顯示財務風險極高。,益登公司2026Q2財務結構顯示現金流量極度不足、負債比極高、速動比與現金比偏低，短期償債與資金調度風險極大，且本業獲利能力薄弱。建議公司積極改善現金流量，降低負債比重，強化本業獲利能力，並提升資本結構，以降低財務風險，避免資金斷鏈或財務危機發生。
2026Q2,6274,台燿,2,,,,,,,87,綠燈,"公司整體財務體質健全，多數指標（如流動比、速動比、負債總額 (%)、資產報酬率、股東權益報酬率等）皆達最佳標準，顯示償債能力及獲利能力優異。
現金流量比為唯一出現▼的關鍵指標，顯示營運現金流量不足，短期現金流壓力需特別關注。
應收帳款週轉率與應收帳款佔營收比率均為O，收現效率普通，應持續加強應收帳款管理以降低資金壓力。
現金比接近O與☆的臨界值，雖然尚可，但建議持續提升現金水位以強化流動性。",本次評分87分，主要因現金流量比出現▼（扣分），應收帳款週轉率、應收帳款佔營收比率、現金比為O（各項略扣分），其餘大部分指標均為☆，整體表現十分優異，僅現金流量需特別注意。,台燿公司2026Q2整體財務結構穩健，獲利能力與償債能力均遠優於一般標準，資產與固定資產運用效率極高，負債水位低，資本結構良好。然而，營業活動現金流量比率為負且明顯低於標準，為本期最需關注的財務風險。建議公司加強營運現金流管理，審慎控管應收帳款回收，並持續提升現金水位，以確保短期流動性無虞，降低突發資金壓力對營運的影響。
2026Q2,3032,偉訓,2,,,,,,,64,黃燈,"公司營業毛利率、每股稅後盈餘年成長率、存貨週轉率、存貨佔營收比率、流動比、流動負債比率、現金比、固定資產週轉率等指標均達到最佳標準，顯示營運效率與獲利能力良好。
現金流量比與負債總額 (%) 皆為▼，顯示現金流動性弱且負債壓力大，為主要財務風險來源。
股東權益總額 (%) 亦為▼，資本結構不穩健，抗風險能力較弱。
多項指標如利息保障倍數、速動比、業外損益佔營收比率、應收帳款週轉率等皆落在普通區間，顯示部分營運與償債能力尚可但需持續改善。",評分為64分，主要因現金流量比、負債總額 (%)、股東權益總額 (%) 三項指標落入▼區間，扣除較多分數；部分普通指標如利息保障倍數、速動比、資產報酬率亦影響整體評分。營運效率與營業獲利能力表現良好，但資本結構與流動性風險需特別注意。,偉訓公司2026Q2財務狀況整體營運效率佳，獲利能力強，但現金流量比極低、負債總額偏高、股東權益比例過低，顯示資本結構不穩健且短期現金流動性不足。主要風險在於負債壓力大與現金流量不足，若遇到景氣逆風或資金需求增加，可能導致償債困難。建議公司加強現金流管理，降低負債比率，提升股東權益，並持續改善營運現金流量，以增強抗風險能力。
2026Q2,2382,廣達,2,,,,,,,55,黃燈,"流動性風險明顯：速動比、現金比明顯低於標準，流動比僅達及格邊緣，顯示短期償債壓力大。
槓桿與資本結構偏弱：負債總額 (%)、流動負債 (%) 遠高於標準，股東權益總額 (%) 明顯偏低，財務槓桿過高。
本業獲利能力普通：營業毛利率、營業利益率僅達低標或低於標準，淨利率僅屬一般水準。
資產運用效率與獲利成長性強：存貨週轉率、固定資產週轉率、資產報酬率、每股盈餘成長率等均表現優異，顯示營運動能強勁。",本次評分為55分，主要因流動性指標（速動比、現金比）與槓桿結構指標（負債總額、流動負債、股東權益總額）多項落入▼區間，嚴重扣分，雖然營運效率及獲利成長性佳，但因財務結構風險高，總分僅達黃燈。,廣達2026Q2財務結構呈現明顯風險，最大問題在於負債比率過高（負債總額87.6%、流動負債82.68%），自有資本極低（股東權益僅12.4%），且短期償債能力指標（速動比64.27%、現金比15.77%）遠低於標準，顯示公司極度依賴外部資金，現金流壓力大。雖然營運效率及獲利成長性亮眼，但若外部融資環境惡化，將面臨資金斷鏈風險。建議公司積極提升自有資本比率、強化現金流管理、降低短期負債比重，以改善財務結構，降低潛在危機。
2026Q2,2324,仁寶,2,,,,,,,47,紅燈,"現金流量比、速動比、負債總額 (%) 均為▼，顯示短期償債能力及現金流動性極弱，財務風險高。
營業毛利率、稅後淨利率、營業利益率皆為▼，獲利能力明顯不足，營運效率需大幅改善。
股東權益總額 (%) 為▼，資本結構偏弱，抗風險能力不足，整體槓桿過高。
部分指標如存貨週轉率、固定資產週轉率、應收帳款週轉率等為☆，顯示營運效率良好，但無法彌補財務結構與獲利能力的弱點。",評分47分主要因多項關鍵財務指標（現金流量比、負債總額 (%)、速動比等）出現▼，造成重大扣分；營業毛利率、稅後淨利率、營業利益率亦為▼，獲利能力不佳；股東權益總額 (%) 為▼，資本結構偏弱。雖有營運效率佳的指標（如存貨週轉率、固定資產週轉率等），但整體財務風險仍高，因此評分偏低。,仁寶公司2026Q2財務風險主要集中於現金流量比、速動比、負債總額 (%)，顯示短期償債能力極弱且槓桿過高，資本結構不佳，抗風險能力低。營業毛利率、稅後淨利率、營業利益率皆偏低，獲利能力不足，營運效率良好但無法彌補財務結構的弱點。建議強化現金流管理、降低負債比率、提升獲利能力，並增加資本以改善抗風險能力，避免流動性危機。
2026Q2,3362,先進光,2,,,,,,,29,紅燈,"現金流量比、速動比、負債總額 (%)、利息保障倍數等關鍵指標皆為▼，顯示公司短期現金流與償債能力極度不足，財務壓力大。
稅後淨利率、股東權益報酬率、營業利益率、資產報酬率等獲利能力指標皆為負值且為▼，顯示公司本期營運嚴重虧損，獲利能力極差。
固定資產週轉率、總資產週轉率皆為▼，資產運用效率低，資金未能有效產生營收與獲利。
雖流動比、現金比、業外損益佔營收比率達到☆標準，短期資金流動性尚可，但整體財務結構不佳，負債比率過高，資本結構偏弱。",本期評分為29分，主要因多項關鍵指標（如現金流量比、利息保障倍數、負債總額 (%)、速動比）皆為▼，且獲利能力指標全面低於標準，資產運用效率差，導致評分大幅扣減，反映公司財務風險極高。,先進光公司2026Q2財務狀況顯示短期現金流量極度不足，償債能力低，且負債比率過高，獲利能力全面低於標準，資產運用效率差。最重要的風險為現金流量比與利息保障倍數皆嚴重低於標準，顯示公司可能無法應付即期債務與利息支出，若未改善現金流及營運效率，將面臨資金斷鏈與債務危機。建議公司積極改善營運效率、加強資金管理、降低負債比率，並提升獲利能力以強化財務結構，避免財務危機發生。
2026Q2,3376,新日興,2,,,,,,,73,綠燈,"公司流動比、速動比、現金比、負債總額 (%)、流動負債 (%)、長期負債 (%)、股東權益總額 (%)皆符合最佳標準，顯示資金安全、償債能力強，財務結構穩健。
現金流量比為負值且低於標準，顯示營運現金流動性不足，短期現金壓力較大，需特別注意營運現金流改善。
股東權益報酬率、營業利益率、資產報酬率皆低於標準，顯示獲利能力偏弱，需提升營運效率與獲利能力。
每股稅後盈餘年成長率、存貨週轉率、存貨佔營收比率皆表現優異，反映成長動能強及存貨管理良好，為正面訊號。",評分73分主要來自於流動性與財務結構優異（如流動比、速動比、現金比、負債總額 (%)、股東權益總額 (%)皆為最佳標準），但因現金流量比、股東權益報酬率、營業利益率、資產報酬率等獲利與現金流指標低於標準，扣除部分分數，故獲得此評分。,新日興公司2026Q2整體財務結構穩健，流動性與償債能力極佳，資本結構安全，短期與長期負債均低，抗風險能力強。然而，現金流量比為負值且低於標準，顯示營運現金流動性不足，短期現金壓力大，為最重要的財務風險。建議公司加強營運現金流管理，提升營業獲利能力，並改善資產報酬率與股東權益報酬率，以強化整體獲利與現金流動性，降低潛在財務風險。
2026Q2,5299,杰力,2,,,,,,,92,綠燈,"公司在獲利能力指標（如營業毛利率、稅後淨利率、每股稅後盈餘年成長率、股東權益報酬率、資產報酬率）均大幅優於一般標準，顯示本業及資本運用效率極佳。
流動性與償債能力指標（流動比、現金流量比、現金比、應收帳款週轉率、存貨週轉率等）均顯示公司短期償債能力極強，流動性風險極低。
財務結構穩健（負債總額%、流動負債%、長期負債%、股東權益總額%等皆為優），顯示公司資本結構健康，長短期負債壓力極低。
唯一明顯風險為業外損益佔營收比率過高（29.41%），顯示本期獲利高度依賴業外項目，需關注本業獲利的可持續性。",本期評分92分，主要因各項獲利、流動性、財務結構指標均獲最高等級（☆），僅總資產週轉率、速動比略低於最優標準（O），以及業外損益佔營收比率出現▼，因此略有扣分，但整體仍屬極優等級。,杰力公司2026Q2整體財務表現極為優異，無論在獲利能力、流動性、資本結構或資產運用效率均遠優於產業標準，財務風險極低。惟需特別注意業外損益佔營收比率過高，顯示本期獲利結構較依賴業外收入，若未來業外來源減少，可能影響整體獲利穩定性。建議公司加強本業營運動能，降低對業外損益的依賴，以確保長期獲利穩健。
2026Q2,2409,友達,2,,,,,,,56,黃燈,"獲利能力指標（稅後淨利率、股東權益報酬率、營業利益率、每股稅後盈餘年成長率）多數低於標準，顯示公司獲利動能不足。
流動性指標（流動比、現金流量比、速動比）部分偏低，現金流量比與速動比皆為▼，短期償債能力需關注。
資產與負債結構尚可，負債總額 (%) 為O，股東權益總額 (%) 為O，長期負債 (%)、流動負債 (%)皆為☆，財務槓桿適中。
存貨、應收帳款管理效率佳（存貨週轉率、應收帳款週轉率、應收帳款佔營收比率皆為☆），但固定資產週轉率僅為O，資產運用仍有提升空間。",評分56分，主要扣分來自獲利能力與現金流量相關指標（稅後淨利率、每股稅後盈餘年成長率、股東權益報酬率、營業利益率、現金流量比、速動比），部分流動性與成長動能指標為▼，導致整體評分偏低，僅達黃燈。,友達公司2026Q2財務狀況整體尚可，但獲利能力與現金流量相關指標表現不佳，特別是現金流量比與速動比皆低於標準，顯示短期償債能力較弱，營運現金流量不足。獲利指標多數偏低，反映市場競爭壓力與成本控管問題。建議友達加強營運效率、改善現金流量管理，並積極提升獲利能力，以降低財務風險，維持資本結構穩健。
2026Q2,3390,旭軟,2,,,,,,,58,黃燈,"公司流動比、速動比、現金比均遠高於標準，短期償債能力極佳，財務結構穩健。
現金流量比、利息保障倍數均為負，顯示現金流量不足及無法支付利息，短期現金流風險高。
獲利能力指標（稅後淨利率、營業利益率、股東權益報酬率、資產報酬率）均為負，顯示公司本期營運虧損，獲利能力極弱。
業外損益佔營收比率偏高，業外損益對營收影響大，需注意非營業項目風險。",本期評分為58分，主要因多項獲利能力指標（稅後淨利率、營業利益率、股東權益報酬率、資產報酬率）均為負值，現金流量比及利息保障倍數也為負，造成評分扣分。雖然流動性與資本結構指標表現優異，但獲利與現金流風險顯著，整體評分僅達黃燈。,旭軟公司2026Q2雖然流動性與資本結構表現優異，短期償債能力強，但最重要的風險在於現金流量比與利息保障倍數均為負值，顯示公司現金流量不足且無法支付利息，營運現金流風險極高。此外，獲利能力指標全面為負，代表公司本期營運虧損，需積極改善營業獲利與現金流狀況。建議公司檢討營收結構、提升毛利率、加強費用控管，並積極改善營運現金流，降低財務風險。
2026Q2,2371,大同,2,,,,,,,54,黃燈,"現金流量比為負值，顯示營運現金流不足，短期資金壓力大，需特別留意現金流管理。
負債總額 (%) 超過標準，資本結構風險提升，抗壓能力較弱。
存貨管理效率不佳（存貨週轉率、存貨佔營收比率皆為▼），存貨積壓與資金占用風險高。
業外損益佔營收比率偏高，獲利來源波動，需關注非本業損益對整體盈餘影響。",本期評分為54分，主要扣分來自現金流量比、負債總額 (%)、存貨週轉率、存貨佔營收比率、總資產週轉率、應付帳款 (%)、股東權益總額 (%)、業外損益佔營收比率等多項指標出現▼，反映公司在資金流、資本結構、存貨管理及獲利穩定性方面存在明顯風險，因此整體評分落於黃燈區間。,大同公司2026Q2財務風險主要集中於現金流量不足、負債比重偏高、存貨積壓及獲利來源穩定性不足。現金流量比為負值，營運資金壓力大，若未能改善現金流管理，將影響短期償債能力與營運穩定。負債總額 (%) 超標，資本結構風險提升，建議適度降低負債比重以強化抗壓能力。存貨週轉率及存貨佔營收比率顯示存貨管理效率低，需加強存貨控管與銷售策略。業外損益佔營收比率過高，獲利來源不穩定，建議提升本業獲利能力並降低業外損益依賴。整體而言，雖然部分獲利指標表現良好，但資金流、資本結構及營運效率仍需持續改善，以降低財務風險。
2026Q2,3533,嘉澤,2,,,,,,,89,綠燈,"公司流動比、現金流量比、速動比、現金比等短期償債能力指標均遠高於標準，顯示短期財務風險極低。
利息保障倍數、負債總額 (%)、股東權益總額 (%)、長期負債 (%)等槓桿及資本結構指標均優於標準，公司財務結構穩健。
營業毛利率、稅後淨利率、營業利益率、股東權益報酬率、資產報酬率等獲利能力指標均大幅優於標準，顯示公司核心獲利能力極強。
應收帳款佔營收比率及業外損益佔營收比率出現▼標記，需特別留意應收帳款回收及業外損益非經常性風險。",本期評分為89分，主要扣分來自應收帳款佔營收比率與業外損益佔營收比率（各扣5分），其餘關鍵指標皆為☆，顯示公司整體財務狀況極為穩健，僅需注意個別風險。,嘉澤公司2026Q2整體財務表現優異，短期及長期償債能力皆極佳，資本結構穩健，獲利能力強，評分高達89分，屬綠燈。最需注意的風險在於應收帳款佔營收比率偏高，可能存在回收困難或客戶信用風險，建議加強應收帳款管理並定期檢討信用政策。此外，業外損益佔營收比率過高，需留意非經常性損益對公司獲利的影響，建議提升核心業務獲利比重，降低業外損益波動對財務報表的影響。整體而言，嘉澤公司財務風險低，但仍需持續監控上述兩項指標，確保財務健康。
2026Q2,2383,台光電,2,,,,,,,70,綠燈,"公司整體獲利能力極佳，營業毛利率、稅後淨利率、股東權益報酬率、資產報酬率等多項指標均遠高於標準。
短期償債能力良好，流動比、速動比均符合標準，但現金流量比偏低，現金流動性需加強。
財務槓桿偏高，負債總額 (%) 超標且股東權益總額 (%) 低於標準，資本結構需改善。
營運效率、資產週轉率及固定資產週轉率表現優異，存貨與應收帳款管理尚可。",本期評分為70分，主要扣分來自現金流量比（▼）、負債總額 (%)（▼）、股東權益總額 (%)（▼），以及部分指標落在O區間如速動比、現金比、應收帳款週轉率等，整體仍維持綠燈，反映公司獲利能力強但需注意現金流與資本結構風險。,台光電2026Q2財務表現整體優異，獲利能力與營運效率均強，短期償債能力也良好。然而，現金流量比偏低，顯示營運現金流對流動負債的覆蓋程度不足，可能面臨短期現金流壓力。此外，負債總額占資產比率過高，資本結構較弱，需留意財務槓桿風險。建議公司加強現金流管理，提升現金流量比，並適度降低負債比率以強化資本結構，確保財務穩健。
2026Q2,2408,南亞,2,,,,,,,94,綠燈,"南亞公司在流動比、現金流量比、速動比、現金比等短期償債能力指標上均遠超標準，顯示資金流動性極佳。
獲利能力指標如營業毛利率、稅後淨利率、股東權益報酬率、資產報酬率、營業利益率均大幅超越標準，整體營運效率極高。
負債結構指標如負債總額 (%)、流動負債 (%)、長期負債 (%)皆遠低於標準，資本結構穩健，財務風險極低。
唯一需注意的指標為應付帳款 (%)，低於標準，可能反映資金運用效率尚可提升，但未造成重大風險。",本期評分94分，主要因關鍵指標均達到或超越標準，僅應付帳款 (%) 為▼，扣分幅度有限。整體財務狀況極佳，無重大財務風險。,南亞公司2026Q2財務狀況極為穩健，短期與長期償債能力、獲利能力、資本結構均遠超一般標準，整體無重大財務風險。唯一需注意的是應付帳款 (%) 偏低，代表公司對供應商付款速度較快，資金運用效率可再優化。建議公司適度調整付款政策，提升資金使用效率，進一步增強營運靈活性。
2026Q2,6755,連鋐科技,2,,,,,,,60,黃燈,"流動比（101.8）、速動比（81.34）、現金比（13.61）皆明顯低於標準，顯示公司短期償債能力與現金流動性存在嚴重風險。
負債總額（71.73%）、流動負債（64.07%）皆高於標準，顯示公司槓桿過高，財務結構偏向風險端。
股東權益總額僅28.27%，低於標準，顯示自有資本偏低，抗風險能力薄弱。
長期負債（4.46%）與應付帳款（27.96%）數值合理，部分負債結構尚屬穩健，但無法彌補整體高負債與低流動性的結構性問題。",本次評分為60分，屬於黃燈，主要因流動比、速動比、現金比、負債總額、流動負債、股東權益總額等多項關鍵指標低於標準，顯示公司短期與長期財務風險均偏高，因此評分大幅扣分。,連鋐科技2026Q2財務結構顯示短期償債能力極為不足（流動比、速動比、現金比皆遠低於標準），且負債總額與流動負債比率過高，股東權益比重偏低，整體抗風險能力薄弱。最重要的風險在於現金與高流動性資產不足，若遇資金緊縮或外部環境變動，將面臨嚴重流動性危機。建議公司應積極提升現金水位、降低短期負債比重，並強化自有資本結構，以改善財務體質並降低財務風險。
2026Q2,2105,正新,2,,,,,,,94,綠燈,"正新公司在流動比、現金流量比、速動比、現金比等短期償債能力指標均遠高於標準，顯示公司短期財務安全性極高。
負債總額 (%)、流動負債 (%)、長期負債 (%) 均低於標準，財務槓桿風險極低，資本結構穩健。
獲利能力指標如營業毛利率、稅後淨利率、每股稅後盈餘年成長率等均明顯優於標準，顯示公司獲利與成長動能強。
雖部分指標如總資產週轉率、股東權益報酬率、營業利益率、資產報酬率、固定資產週轉率等僅落在標準區間，但無關鍵▼，整體營運效率仍屬穩健。",本期評分為94分，主要因大部分指標皆為☆，僅少數指標如總資產週轉率、股東權益報酬率、營業利益率、資產報酬率、固定資產週轉率、應付帳款 (%)為O，並無▼扣分情形，綜合財務風險極低，僅營運效率部分尚可提升。,正新公司2026Q2整體財務風險極低，短期償債能力、現金流動性、資本結構及獲利能力均優於一般標準。營運效率如總資產週轉率、固定資產週轉率、資產報酬率等雖未達最高標準，但仍屬穩健。建議公司持續提升資產運用效率，並關注營業利益率、股東權益報酬率等指標，進一步強化營運績效與股東報酬。整體而言，正新公司財務狀況健康，無重大財務風險。
2026Q2,3526,凡甲,2,,,,,,,94,綠燈,"凡甲公司在流動比、現金流量比、利息保障倍數、負債總額 (%)、速動比、現金比等關鍵指標皆獲得最高等級（☆），顯示短期及長期償債能力極強，財務結構穩健。
獲利能力指標如營業毛利率、稅後淨利率、營業利益率、股東權益報酬率、資產報酬率等皆大幅優於一般標準，反映公司本業獲利強勁。
部分指標如每股稅後盈餘年成長率、應收帳款週轉率、存貨佔營收比率、應付帳款 (%)、應收帳款佔營收比率、總資產週轉率等落在中等（O）區間，顯示成長性與資產運用效率尚有提升空間。
無任何關鍵指標出現▼，且整體財務結構與現金流量充裕，短期與長期風險極低。",本期評分為94分，主要因所有關鍵指標均達最高標準（☆），僅有部分非關鍵指標如每股稅後盈餘年成長率、應收帳款週轉率、存貨佔營收比率、應付帳款 (%)、應收帳款佔營收比率、總資產週轉率等落於O區間，分數略有扣減。無任何指標落入▼，因此整體評分極高，財務體質優良。,凡甲公司2026Q2整體財務風險極低，短期與長期償債能力、現金流量、獲利能力及資本結構均表現優異。主要需關注應收帳款週轉率及應收帳款佔營收比率偏高，收款效率及逾期風險略高於理想水準，建議強化應收帳款管理，縮短收款週期，以降低壞帳風險並提升資金使用效率。除此之外，其他指標皆無明顯風險，整體財務結構穩健，營運風險極低。
2026Q2,2327,國巨,2,,,,,,,66,黃燈,"獲利能力指標（如營業毛利率、稅後淨利率、營業利益率、股東權益報酬率、資產報酬率）均表現優異，顯示公司本業獲利能力強。
現金流量比、負債總額 (%)、股東權益總額 (%) 等財務結構指標出現▼，顯示現金流量偏低、負債比率偏高、資本結構較弱，需特別關注財務槓桿風險。
每股稅後盈餘年成長率及總資產週轉率均為▼，反映獲利成長性與資產運用效率下滑，營運動能需提升。
流動比、速動比、現金比等短期償債指標尚屬良好，短期資金壓力不大，但長期結構仍需改善。",本次評分為66分，屬於黃燈。主要扣分來自現金流量比、負債總額 (%)、股東權益總額 (%)、每股稅後盈餘年成長率及總資產週轉率等5項指標出現▼，顯示公司在現金流、財務結構及成長性方面存在壓力；其餘如獲利能力、短期償債能力等表現優異，整體財務狀況尚可但需持續關注風險。,國巨公司2026Q2財報顯示，雖然本業獲利能力強、短期償債能力佳且現金水位充足，但現金流量比偏低、負債總額偏高、股東權益比率偏低，顯示財務結構壓力較大，資本結構穩健度不足。此外，獲利成長性與資產運用效率下滑也需關注。建議公司加強現金流管理、降低負債比重、提升資本結構，並持續優化營運效率，以強化整體財務體質，降低潛在財務風險。
2026Q2,2393,億光,2,,,,,,,85,綠燈,"公司整體財務指標表現優異，多數關鍵指標如流動比、利息保障倍數、負債總額 (%)、速動比、現金比皆達到最高標準，顯示財務結構穩健。
營業毛利率、稅後淨利率、每股稅後盈餘年成長率、存貨週轉率、資產報酬率等獲利與效率指標均表現突出，反映公司經營績效良好。
唯一明顯扣分項目為現金流量比，該項為負值，顯示營業活動現金流入不足，需特別留意現金流風險。
其他一般標準指標如應收帳款週轉率、股東權益報酬率、營業利益率、業外損益佔營收比率等，雖未達最高標準，但未構成重大風險。",本期評分為85分，主要因現金流量比為負值而扣分，其餘多數指標皆達最高標準，僅部分效率與獲利指標落於一般標準區間，整體財務結構穩健，故評分屬高分。,億光公司2026Q2整體財務狀況良好，資本結構穩健、獲利能力強、短期與長期償債能力皆優。最重要的風險來自現金流量比為-26.13%，顯示營業活動產生的現金流入不足，若持續負值可能影響未來償債或營運資金調度。建議公司加強營業現金流管理，提升營收品質及收款效率，並審慎控管營運支出，避免現金流風險擴大。
2026Q2,3294,英濟,2,,,,,,,55,黃燈,"短期償債能力極佳（流動比、速動比、現金比均為☆），顯示公司流動資產充足，短期財務壓力低。
現金流量比與利息保障倍數均為▼，現金流量不足且營業利益無法支付利息，顯示現金流與償債能力存在重大風險。
獲利能力指標（稅後淨利率、營業利益率、股東權益報酬率、資產報酬率、業外損益佔營收比率）多為▼，顯示公司本期虧損，營運獲利能力低。
負債總額 (%) 為O，資本結構略偏高，需注意未來負債擴張風險。",本期評分55分，主要因短期償債能力指標表現優異（流動比、速動比、現金比均為☆），但現金流量比、利息保障倍數、獲利能力相關指標（稅後淨利率、營業利益率、股東權益報酬率、資產報酬率、業外損益佔營收比率）均為▼，導致評分大幅扣分，整體風險偏高，故為黃燈。,英濟公司2026Q2財務結構顯示短期償債能力極佳，現金及流動資產充足，但現金流量比與利息保障倍數均為▼，營業利益及現金流量不足以支撐償債需求，且本期獲利能力極差，多項獲利指標為負值或低於標準，顯示公司營運虧損與現金流風險並存。建議優先改善營運獲利能力，加強現金流管理，並審慎控管負債擴張，提升資本結構穩健度，以降低財務風險。
2026Q2,3548,兆利,2,,,,,,,60,黃燈,"獲利能力指標（如營業毛利率、稅後淨利率、營業利益率、股東權益報酬率、資產報酬率）均為負值或明顯低於標準，顯示公司本期經營績效不佳。
現金流量比及利息保障倍數皆為「▼」，顯示公司現金流量與償債能力存在明顯風險。
流動比、速動比、現金比等短期償債能力指標均為「☆」，代表公司短期資金安全性高。
負債總額 (%)、股東權益總額 (%)、長期負債 (%) 等財務結構指標均屬於「☆」，顯示整體資本結構穩健，長期財務風險較低。",本次評分為60分，主要因獲利能力指標（如營業毛利率、稅後淨利率、營業利益率、資產報酬率、股東權益報酬率）及現金流量比、利息保障倍數等出現多項「▼」，造成評分扣分，雖然短期償債能力與資本結構良好，但獲利與現金流表現明顯拖累總分。,兆利公司2026Q2的主要風險在於本期獲利能力極弱，營業毛利率、稅後淨利率、營業利益率、資產報酬率與股東權益報酬率皆為負值，顯示公司本業及整體獲利狀況不佳，且現金流量比及利息保障倍數嚴重低於標準，短期現金流入不足以支應負債與利息支出，存在現金流短缺與財務壓力。建議公司應加強成本控管、提升產品毛利率，並積極改善營運現金流，降低財務風險，確保營運穩健。
2026Q2,3005,神基,2,,,,,,,98,綠燈,"神基公司所有關鍵指標（流動比、現金流量比、利息保障倍數、負債總額 (%)、速動比、現金比）皆達到最高標準，顯示短期及長期償債能力極佳。
獲利能力指標（營業毛利率、稅後淨利率、股東權益報酬率、營業利益率、資產報酬率）均高於標準，反映公司營運及資本運用效率優良。
營運效率指標（應收帳款週轉率、固定資產週轉率、存貨佔營收比率、應付帳款 (%)）皆符合最佳標準，資金回收及資產運用效率高。
無任何指標落入▼區間，整體財務結構穩健，風險極低。",評分為98分，因所有關鍵指標皆達最高標準且無▼標記，僅存貨週轉率及總資產週轉率落入O區間，扣除2分，整體財務表現極佳。,神基公司2026Q2整體財務狀況極為穩健，所有關鍵償債及獲利指標均達最佳標準，無重大財務風險。唯一需注意的是存貨週轉率略低於最佳標準，建議持續優化存貨管理，提升週轉速度，以維持營運效率。整體而言，公司資本結構、現金流量及資產運用皆屬優秀，建議持續維持現有財務策略，並關注營運效率細節以防潛在風險。
2026Q2,3564,其陽,2,,,,,,,59,黃燈,"現金流量比、速動比均為▼，顯示短期現金流動性與償債能力存在明顯風險。
負債總額 (%) 為▼，公司槓桿偏高，財務結構壓力大。
股東權益總額 (%) 為▼，資本結構偏弱，抗風險能力有限。
多項獲利與資產運用指標（如營業毛利率、總資產週轉率、固定資產週轉率）表現佳，但部分獲利指標僅屬普通。",本期評分59分，主要因現金流量比、速動比、負債總額 (%)、股東權益總額 (%)等關鍵指標出現▼，造成扣分，短期流動性與財務結構風險明顯；雖然獲利與資產運用效率部分指標表現良好，但整體評分受財務風險拖累，故僅為黃燈。,其陽公司2026Q2財務狀況顯示，現金流量比與速動比均遠低於標準，短期現金流動性嚴重不足，若遇資金需求或突發事件，可能面臨償債困難。此外，負債總額 (%) 偏高與股東權益總額 (%) 偏低，財務槓桿風險大，資本結構脆弱。建議公司積極改善現金流，提升速動資產比率，並強化股東權益以增強抗風險能力，同時控制負債規模，降低財務壓力。
2026Q2,3221,台嘉碩,2,,,,,,,95,綠燈,"流動比、現金流量比、速動比、現金比皆顯著高於標準，顯示公司短期償債與流動性極佳，財務安全。
負債總額 (%)、流動負債 (%)、長期負債 (%)均遠低於標準，資本結構健康，抗風險能力強。
利息保障倍數極高，表示公司償付利息能力優異，幾乎無財務壓力。
營業毛利率、稅後淨利率、資產報酬率、固定資產週轉率等獲利與效率指標皆達到高標準，營運表現穩健。",本期評分為95分，主要扣分來源為存貨週轉率、總資產週轉率、股東權益報酬率、營業利益率、應付帳款 (%)等指標僅達到一般標準（O），其餘關鍵指標皆達到最高標準（☆），無▼項，整體財務風險極低。,台嘉碩2026Q2整體財務結構穩健，流動性與償債能力極佳，負債比率低，現金充足，營運效率與獲利能力均達高標準。唯一需留意的是存貨週轉率、營業利益率、股東權益報酬率等指標僅達一般標準，建議持續提升營運效率與獲利能力，並加強存貨管理以避免積壓。整體來看，財務風險極低，建議保持現有財務策略並持續優化營運表現。
2026Q2,2472,立隆,2,,,,,,,96,綠燈,"立隆公司在流動比、現金流量比、速動比、現金比等關鍵流動性指標均遠高於標準，顯示短期償債能力極佳。
獲利能力指標如營業毛利率、稅後淨利率、營業利益率、資產報酬率、股東權益報酬率皆屬優秀，營運效率高。
負債結構穩健，負債總額 (%)、流動負債 (%)、長期負債 (%)皆處於低風險區間，資本結構健康。
部分指標如應收帳款週轉率、應收帳款佔營收比率、總資產週轉率、應付帳款 (%)落於O區間，顯示資產運用與收款效率尚有提升空間，但並未造成重大風險。",評分為96分，主要因多數指標皆達到最高標準（☆），僅少數指標落於O區間（如應收帳款週轉率、應收帳款佔營收比率、總資產週轉率、應付帳款 (%)），每項O標記僅小幅扣分，整體財務結構極為穩健，無重大扣分項目。,立隆公司2026Q2財務狀況極為健康，流動性、獲利能力及負債結構均達高標準，無重大財務風險。主要需注意資產運用效率及應收帳款管理，建議持續提升資產週轉率、加強客戶信用控管與收款速度，以避免未來潛在的資金回收風險。整體來看，公司財務風險極低，營運穩健。
2026Q2,3479,安勤,2,,,,,,,76,綠燈,"安勤公司多數獲利、營運效率及資本結構指標均達到或優於一般標準，顯示整體經營穩健。
現金流量比、速動比兩項關鍵短期償債能力指標出現▼，需特別留意現金流與速動資產的管理。
負債總額(%)、流動負債(%)、股東權益總額(%)等結構指標落於O區，顯示槓桿略高但尚在可控範圍。
營業利益率、存貨週轉率、股東權益報酬率等指標落於O區，營運效率尚可但仍有提升空間。",本次評分76分，主因現金流量比與速動比出現▼，影響整體評分；其他如負債總額(%)、流動負債(%)、股東權益總額(%)、營業利益率、存貨週轉率、股東權益報酬率等指標落於O區，亦有部分扣分。整體而言，安勤公司財務結構穩健，獲利能力佳，但需加強現金流與速動資產管理。,安勤公司2026Q2整體財務狀況穩健，獲利能力與資產運用效率表現優異，短期償債能力(流動比)亦高於標準。然而，現金流量比及速動比均低於標準，顯示公司在現金流管理與速動資產配置上存在壓力，若營運現金流持續為負，將影響短期資金調度與償債能力。建議公司加強營運現金流管理，嚴控應收帳款與存貨水準，並審慎規劃資本支出，以提升現金流與速動比，降低短期流動性風險。
2026Q2,3209,全科科技,2,,,,,,,52,黃燈,"現金流量比、現金比、速動比皆為▼，顯示現金流量與短期償債能力極度不足，營運現金壓力大。
負債總額 (%)、股東權益總額 (%)皆為▼，公司槓桿過高，資本結構薄弱，抗風險能力低。
營業毛利率為▼，顯示產品或服務毛利極低，需強化成本管理與提升毛利。
部分獲利與資產運用指標（如股東權益報酬率、資產報酬率、固定資產週轉率）表現優異，但無法抵消現金流與資本結構的重大風險。",評分為52分，主要扣分來自現金流量比、現金比、速動比、負債總額 (%)、股東權益總額 (%)、營業毛利率等指標皆為▼，顯示現金流與資本結構風險極大，雖部分獲利與資產運用指標表現良好，但整體財務風險仍高。,全科科技公司2026Q2財務風險主要集中於現金流量極度不足、現金償債能力弱、短期負債壓力大，以及資本結構薄弱（負債過高、股東權益過低）。雖然獲利成長與資產運用效率表現優異，但現金流與資本結構問題若未改善，將嚴重威脅公司營運穩定。建議優先提升現金部位、加強現金流管理、降低負債比率，並強化毛利率與營業利益率，確保公司財務健康與長期競爭力。
